{"hist": [0.2198865547683933, 0.8160084452340924, 0.2926703675380396, 0.18566022209957186, 0.06801598109475056, 0.04942298131535071, 0.013716620073961848, 0.00913642979420873, 0.0036513812703596], "bin_edges": [0.5080218046913021, 0.7626985859023445, 1.1450475699382818, 1.7190722018585747, 2.5808615404180753, 3.874675120456132, 5.817091329374361, 8.733261623828437, 13.111339374215643], "error": [0.08310930579485035, 0.13066592582469477, 0.06386591013874347, 0.04151488773323514, 0.02050758991265399, 0.014267185783285789, 0.0061342589813833765, 0.0040859356183010264, 0.002108125959356073], "strain": 0.16345808753540406, "timestep": 510000}