{"hist": [0.8489828369436035, 0.4948076157864385, 0.2354169623053729, 0.15680762001653029, 0.0164476633799982, 0.0036486569871119427, 0.0036454715038559344], "bin_edges": [0.5080218046913021, 0.7626985859023445, 1.1450475699382818, 1.7190722018585747, 13.111339374215643, 29.55209235202888, 44.36687330978616], "error": [0.3001607605569075, 0.1870196997416734, 0.10528166615426388, 0.07012649954938369, 0.0082238316899991, 0.002579990097810532, 0.0021047139540743337], "strain": 0.12359026130725673, "timestep": 2810000}