{"hist": [0.3127337220157301, 1.0415356261497093, 0.2466669764332403, 0.12322581112803441, 0.05471921246560784, 0.05011548621578704, 0.012138601835364466, 0.008085336101069672, 0.0026927590489377582], "bin_edges": [0.5080218046913021, 0.7626985859023445, 1.1450475699382818, 1.7190722018585747, 2.5808615404180753, 3.874675120456132, 5.817091329374361, 8.733261623828437, 13.111339374215643], "error": [0.10424457400524335, 0.1552629640705705, 0.06166674410831007, 0.03557222761294033, 0.01934616309780938, 0.01511038763309033, 0.006069300917682233, 0.004042668050534836, 0.001904068183605327], "strain": 0.44253287113243533, "timestep": 410000}