{"hist": [1.2399617750097367, 0.5506129859879166, 0.22922177908681043, 0.09160866222018348, 0.012011122599867106, 0.003552639697977418, 0.002366358695485431], "bin_edges": [0.5080218046913021, 0.7626985859023445, 1.1450475699382818, 1.7190722018585747, 13.111339374215643, 29.55209235202888, 44.36687330978616], "error": [0.35794613229335887, 0.19467108810071465, 0.10251109599230955, 0.05289028579292443, 0.006934624866302872, 0.00251209562155236, 0.0016732682802975004], "strain": 0.48240069736058266, "timestep": 2210000}