{"hist": [0.5186003650197956, 0.9376004148190465, 0.13147815253281203, 0.15325725880860883, 0.029166372682140028, 0.03885454505923798, 0.019410311425417708, 0.005736153158255856, 0.002547175632512111], "bin_edges": [0.5080218046913021, 0.7626985859023445, 1.1450475699382818, 1.7190722018585747, 2.5808615404180753, 3.874675120456132, 5.817091329374361, 19.68419447286613, 29.55209235202888], "error": [0.1960125136670999, 0.2151002872430547, 0.06573907626640602, 0.05792579906043458, 0.020623739906155285, 0.01942727252961899, 0.011206548526519382, 0.003311769570031941, 0.0018011251626224468], "strain": 1.5189641792924133, "timestep": 1510000}