{"hist": [0.6107959854677592, 1.0461646733770413, 0.30970409263284615, 0.05157228391654774, 0.006761817167332593, 0.0030000068560698196, 0.0029973876809482125], "bin_edges": [0.5080218046913021, 0.7626985859023445, 1.1450475699382818, 1.7190722018585747, 13.111339374215643, 29.55209235202888, 44.36687330978616], "error": [0.2308591827634732, 0.2465833782609052, 0.10949693203095609, 0.03646711167866882, 0.004781326772164488, 0.0021213251915331043, 0.0017305425844611187], "strain": 0.9608146120983506, "timestep": 3510000}