{"hist": [0.33656105321692853, 0.9340756012295013, 0.3484171042119519, 0.13261444435683703, 0.1104155537252444, 0.014709220629568663, 0.002895391594167242, 0.001928575836044884], "bin_edges": [0.5080218046913021, 0.7626985859023445, 1.1450475699382818, 1.7190722018585747, 2.5808615404180753, 3.874675120456132, 19.68419447286613, 29.55209235202888], "error": [0.1374004746125283, 0.18681512024590025, 0.09311838797521685, 0.04688628644400277, 0.03491646388804619, 0.01040098965313706, 0.0020473510304261848, 0.0013637090516998526], "strain": 0.6817398285013193, "timestep": 1310000}