{"hist": [0.5166507395873903, 0.963572725478854, 0.13753306745208627, 0.18321732444036695, 0.012011122599867106, 0.003552639697977418, 0.004732717390970862], "bin_edges": [0.5080218046913021, 0.7626985859023445, 1.1450475699382818, 1.7190722018585747, 13.111339374215643, 29.55209235202888, 44.36687330978616], "error": [0.23105323486858925, 0.25752564328441807, 0.07940475351593697, 0.07479815948614277, 0.006934624866302872, 0.00251209562155236, 0.002366358695485431], "strain": 0.3627972186761407, "timestep": 3110000}