{"hist": [0.5066510478534408, 0.9280493070280207, 0.16858892139287995, 0.04986508877914263, 0.022123580764454594, 0.014723311574030647, 0.004354848662036835, 0.002900697755756335], "bin_edges": [0.5080218046913021, 0.7626985859023445, 1.1450475699382818, 2.5808615404180753, 5.817091329374361, 13.111339374215643, 29.55209235202888, 44.36687330978616], "error": [0.2533255239267204, 0.2798173943964803, 0.0973348591485679, 0.03525994242020097, 0.015643733982674105, 0.008500507900629327, 0.0030793430199674092, 0.0020511030532679043], "strain": 0.283061566219846, "timestep": 1910000}