{"hist": [0.7853091241728333, 0.9589842839289546, 0.025356814377497223, 0.004500010284104729, 0.004496081521422319], "bin_edges": [0.5080218046913021, 0.7626985859023445, 13.111339374215643, 29.55209235202888, 44.36687330978616], "error": [0.32060110742923276, 0.28914464087636293, 0.01133991212818556, 0.003181987787299656, 0.0025958138766916782], "strain": 1.1601537432390874, "timestep": 2510000}