{"hist": [0.3704288321569968, 0.8882530245654126, 0.3944344575984361, 0.15325725880860883, 0.029166372682140028, 0.011482331038866667, 0.0038207634487681663, 0.0016966345363857807], "bin_edges": [0.5080218046913021, 0.7626985859023445, 1.1450475699382818, 1.7190722018585747, 2.5808615404180753, 13.111339374215643, 29.55209235202888, 44.36687330978616], "error": [0.16566080990578097, 0.20936324569322143, 0.11386342013606056, 0.05792579906043458, 0.020623739906155285, 0.0057411655194333335, 0.002205918805656184, 0.0011997017858736796], "strain": 0.8412111334139086, "timestep": 1810000}