{"hist": [0.39265456208641664, 0.9807793812909764, 0.26131282815896395, 0.11603763881223242, 0.011420537242760914, 0.007607044313249167, 0.003375007713078547, 0.0033720611410667394], "bin_edges": [0.5080218046913021, 0.7626985859023445, 1.1450475699382818, 1.7190722018585747, 8.733261623828437, 13.111339374215643, 29.55209235202888, 44.36687330978616], "error": [0.19632728104320832, 0.2532361473362377, 0.10668051537217425, 0.05801881940611621, 0.008075539329149757, 0.005378992618685049, 0.002386490840474742, 0.0019468604075187587], "strain": 0.32292939244799335, "timestep": 3410000}