{"hist": [0.8354352384817374, 1.0016470277014227, 0.22239389630550122, 0.049377718643503155, 0.01618520066648759, 0.0028723469898540824, 0.0019132261793286464], "bin_edges": [0.5080218046913021, 0.7626985859023445, 1.1450475699382818, 1.7190722018585747, 13.111339374215643, 29.55209235202888, 44.36687330978616], "error": [0.26418781911682404, 0.2360904685476752, 0.0907919279763185, 0.03491531969234249, 0.007238241783948231, 0.002031056034446589, 0.0013528552053469155], "strain": 1.4392285268361187, "timestep": 2910000}