{"hist": [0.8204722192850497, 0.9368638866063058, 0.312015317204733, 0.1558714551209092, 0.001342113886991737], "bin_edges": [0.5080218046913021, 0.7626985859023445, 1.1450475699382818, 1.7190722018585747, 44.36687330978616], "error": [0.21928042428076536, 0.19123654005217738, 0.09007106368971955, 0.05195715170696973, 0.0009490178306164929], "strain": 0.8013433071857613, "timestep": 3310000}