{"hist": [0.2944909215648125, 1.0461646733770416, 0.21776069013246993, 0.08702822910917431, 0.03864544380383554, 0.011410566469873751, 0.00506251156961782, 0.0033720611410667394], "bin_edges": [0.5080218046913021, 0.7626985859023445, 1.1450475699382818, 1.7190722018585747, 2.5808615404180753, 13.111339374215643, 29.55209235202888, 44.36687330978616], "error": [0.17002441283934547, 0.2615411683442604, 0.09738554119269409, 0.05024577150327821, 0.027326455375655756, 0.006587893622987728, 0.0029228424174944437, 0.0019468604075187587], "strain": 1.0804180907827927, "timestep": 2310000}