{"hist": [0.742859982325653, 0.7775548248072606, 0.14125017738322374, 0.06272304800661212, 0.08355771633261738, 0.0036486569871119427, 0.004860628671807912], "bin_edges": [0.5080218046913021, 0.7626985859023445, 1.1450475699382818, 1.7190722018585747, 2.5808615404180753, 29.55209235202888, 44.36687330978616], "error": [0.28077468173935927, 0.23444160071056458, 0.08155082793528662, 0.044351892582164786, 0.04177885816630869, 0.002579990097810532, 0.002430314335903956], "strain": 1.479096353064266, "timestep": 3210000}