{"hist": [0.25063057154452123, 1.0016470277014227, 0.24092672099762633, 0.16047758559138525, 0.08222434851879902, 0.016430512405369253, 0.018240186268566286, 0.0053903566912688015, 0.0014361734949270412], "bin_edges": [0.5080218046913021, 0.7626985859023445, 1.1450475699382818, 1.7190722018585747, 2.5808615404180753, 3.874675120456132, 5.817091329374361, 19.68419447286613, 29.55209235202888], "error": [0.10231950237103171, 0.16694117128357044, 0.06682104970664218, 0.0445084741086462, 0.02600162204428971, 0.009486160760163424, 0.00815725928375449, 0.0024106407969295774, 0.0010155280172232945], "strain": 1.3196250481516767, "timestep": 1110000}