{"hist": [0.6703858377085161, 0.8292768752378987, 0.2549393445453307, 0.05660372624986947, 0.05655430800561298, 0.016727585456051033, 0.004943351502236754, 0.004939035677675922, 0.0021932104982547895], "bin_edges": [0.5080218046913021, 0.7626985859023445, 1.1450475699382818, 1.7190722018585747, 2.5808615404180753, 5.817091329374361, 19.68419447286613, 29.55209235202888, 44.36687330978616], "error": [0.2533820298623486, 0.23000002270975364, 0.10407855158260902, 0.04002487867170969, 0.032651644950873665, 0.011828189108851151, 0.0034954773690203155, 0.0028515535780433594, 0.0015508340158854883], "strain": 0.5621363498168773, "timestep": 2110000}