{"hist": [0.8414026330423214, 1.0586190147267682, 0.12443468007569711, 0.11051203696403086, 0.010867206161784524, 0.00482143959011221, 0.0021409912006772947], "bin_edges": [0.5080218046913021, 0.7626985859023445, 1.1450475699382818, 1.7190722018585747, 13.111339374215643, 29.55209235202888, 44.36687330978616], "error": [0.2804675443474405, 0.25675282441210373, 0.07184239603822869, 0.05525601848201543, 0.006274184402845455, 0.0027836594452328037, 0.0015139093964596435], "strain": 0.6020041760450247, "timestep": 1710000}