{"hist": [0.37755246354463134, 0.6790011101245221, 0.15075740086094072, 0.16736197905610445, 0.06688634504509997, 0.059402621773258064, 0.036269908849418345, 0.010981285810347031, 0.0029257862743266028, 0.0019471198344683924], "bin_edges": [0.5080218046913021, 0.7626985859023445, 1.1450475699382818, 1.7190722018585747, 2.5808615404180753, 3.874675120456132, 5.817091329374361, 8.733261623828437, 13.111339374215643, 29.55209235202888], "error": [0.11939257210087241, 0.1306738245701492, 0.05025246695364691, 0.0432126771781738, 0.022295448348366654, 0.017148059835680036, 0.010935788984901053, 0.004910980310457965, 0.002068843314878865, 0.001124170160574786], "strain": 0.7216076547294666, "timestep": 610000}