{"hist": [0.46744590724573404, 0.9340756012295014, 0.4562604936108894, 0.01632930961185934, 0.0032114868010159423], "bin_edges": [0.5080218046913021, 0.7626985859023445, 1.1450475699382818, 5.817091329374361, 44.36687330978616], "error": [0.20904816488110456, 0.24117728317736925, 0.13756771490633338, 0.01154656555864041, 0.0018541527690654844], "strain": 1.3993607006079714, "timestep": 3010000}