{"hist": [0.7408576643139936, 1.0362951953263146, 0.16434769066601504, 0.0875755764620622, 0.011482331038866667, 0.002547175632512111, 0.0033932690727715613], "bin_edges": [0.5080218046913021, 0.7626985859023445, 1.1450475699382818, 1.7190722018585747, 13.111339374215643, 29.55209235202888, 44.36687330978616], "error": [0.23427976412246662, 0.22613815118580402, 0.07349852165486345, 0.0437877882310311, 0.0057411655194333335, 0.0018011251626224468, 0.0016966345363857807], "strain": 0.9209467858702033, "timestep": 2610000}