{"hist": [0.5089966545564659, 0.7749367950941048, 0.38713011579105766, 0.15041916142326422, 0.028626254669507807, 0.028601262335272402, 0.005629928099769637, 0.0037500085700872742], "bin_edges": [0.5080218046913021, 0.7626985859023445, 1.1450475699382818, 1.7190722018585747, 2.5808615404180753, 3.874675120456132, 19.68419447286613, 29.55209235202888], "error": [0.1923826523028943, 0.1937341987735262, 0.11175483828168907, 0.056853099077833945, 0.02024181879678204, 0.016512946508432626, 0.0032504405039202383, 0.0021650684574032915], "strain": 1.359492874379824, "timestep": 1410000}