{"hist": [0.20885880962043435, 1.0016470277014227, 0.2779923703818765, 0.09875543728700631, 0.09044678337067893, 0.04929153721610776, 0.018240186268566286, 0.003237040133297518, 0.0014361734949270412], "bin_edges": [0.5080218046913021, 0.7626985859023445, 1.1450475699382818, 1.7190722018585747, 2.5808615404180753, 3.874675120456132, 5.817091329374361, 13.111339374215643, 29.55209235202888], "error": [0.09340449920219565, 0.16694117128357044, 0.0717773213907821, 0.03491531969234249, 0.02727073126682712, 0.016430512405369253, 0.00815725928375449, 0.0022889330292276805, 0.0010155280172232945], "strain": 0.52226852358873, "timestep": 910000}