{"hist": [0.23942351346732718, 1.0844389906957137, 0.2549393445453307, 0.1273583840622063, 0.03770287200374199, 0.03766995527084658, 0.008363792728025517, 0.003710753323536179, 0.004943351502236754, 0.002469517838837961], "bin_edges": [0.5080218046913021, 0.7626985859023445, 1.1450475699382818, 1.7190722018585747, 2.5808615404180753, 3.874675120456132, 5.817091329374361, 13.111339374215643, 19.68419447286613, 29.55209235202888], "error": [0.10707345030495599, 0.1859797525776852, 0.07359464960013672, 0.042452794687402096, 0.018851436001870996, 0.015378694841173303, 0.005914094554425576, 0.0026238988383829507, 0.002471675751118377, 0.0014257767890216797], "strain": 1.12028591701094, "timestep": 1610000}