{"hist": [0.7853091241728333, 0.8718038944808679, 0.17420855210597594, 0.02028545150199778, 0.010133870579585346, 0.0029973876809482125], "bin_edges": [0.5080218046913021, 0.7626985859023445, 1.1450475699382818, 13.111339374215643, 19.68419447286613, 44.36687330978616], "error": [0.32060110742923276, 0.27568859795646394, 0.10057935445352016, 0.01014272575099889, 0.005850792907056429, 0.002119473155043501], "strain": 0.24319373999169872, "timestep": 3810000}