{"hist": [0.3079643624207189, 1.025651640565727, 0.23910977740035913, 0.12513863009162318, 0.08335291800827274, 0.04037825270861986, 0.013447666739178282, 0.0044786420559846715, 0.001987033446977519, 0.001323532436501391], "bin_edges": [0.5080218046913021, 0.7626985859023445, 1.1450475699382818, 1.7190722018585747, 2.5808615404180753, 3.874675120456132, 5.817091329374361, 8.733261623828437, 19.68419447286613, 29.55209235202888], "error": [0.10888184451574094, 0.16216976350380233, 0.06390477606142332, 0.0377307166175447, 0.0251318503831544, 0.014275868151364592, 0.006723833369589141, 0.003166878168294022, 0.0014050448248022836, 0.000935878760970487], "strain": 1.0405502645546454, "timestep": 1010000}