{"hist": [1.3858396308932353, 0.7692387304242952, 0.13663415851449093, 0.09100991279390777, 0.005966309265293465, 0.0039705973095041725], "bin_edges": [0.5080218046913021, 0.7626985859023445, 1.1450475699382818, 1.7190722018585747, 13.111339374215643, 29.55209235202888], "error": [0.3266455335472229, 0.1986165861460688, 0.06831707925724546, 0.045504956396953886, 0.004218817740145137, 0.002292425425485838], "strain": 1.000682438326498, "timestep": 2010000}