{"hist": [0.3414387496403623, 0.9855174459348941, 0.20198092997794312, 0.25225573654833133, 0.08961262331324182, 0.024848949409351173], "bin_edges": [0.5080218046913021, 0.7626985859023445, 1.1450475699382818, 1.7190722018585747, 2.5808615404180753, 5.817091329374361], "error": [0.13939178583879686, 0.1932758726080057, 0.0714110426288844, 0.06513215110913152, 0.0316828468123545, 0.011112788009752494], "strain": 1.239889395695382, "timestep": 310000}