{"hist": [0.7198666971584304, 1.0461646733770416, 0.26131282815896395, 0.1160376388122324, 0.038645443803835534, 0.005066935289792673], "bin_edges": [0.5080218046913021, 0.7626985859023445, 1.1450475699382818, 1.7190722018585747, 2.5808615404180753, 19.68419447286613], "error": [0.21704797577699214, 0.21354746972493144, 0.08710427605298798, 0.047372167674557084, 0.022311957383097002, 0.0029253964535282144], "strain": 0.20332591376355139, "timestep": 1210000}