{"hist": [0.5436755475042692, 1.287587290310205, 0.26801315708611684, 0.07140777773060457, 0.004681258038922565, 0.002076927823432952, 0.001383409698899175], "bin_edges": [0.5080218046913021, 0.7626985859023445, 1.1450475699382818, 1.7190722018585747, 13.111339374215643, 29.55209235202888, 44.36687330978616], "error": [0.18122518250142305, 0.22761542608698943, 0.08475320192846258, 0.035703888865302284, 0.0033101493038061843, 0.0014686097479844568, 0.0009782183792508465], "strain": 1.2797572219235294, "timestep": 2410000}