{"hist": [0.39265456208641664, 0.9272823241296504, 0.26923139870923557, 0.17933089634617735, 0.042158665967820586, 0.023401032819768332, 0.01870448191903888, 0.004152922633731241, 0.0055323958641812125, 0.0018425219235609722], "bin_edges": [0.5080218046913021, 0.7626985859023445, 1.1450475699382818, 1.7190722018585747, 2.5808615404180753, 3.874675120456132, 5.817091329374361, 8.733261623828437, 13.111339374215643, 19.68419447286613], "error": [0.11838980496926844, 0.14848400661897132, 0.06529820556535063, 0.043494131033645966, 0.017211203309599795, 0.010465260025741115, 0.00763607276745986, 0.002936559756054457, 0.0027661979320906063, 0.0013028597466348448], "strain": 0.5302838188088066, "timestep": 7110000}