{"hist": [0.1732299538616544, 0.8461626034667247, 0.17933233305026935, 0.11945051054200395, 0.113663070011281, 0.03785461191433112, 0.015128625081575567, 0.013435926167954014, 0.006712097923455148, 0.0029805501704662785, 0.0019852986547520862], "bin_edges": [0.5080218046913021, 0.7626985859023445, 1.1450475699382818, 1.7190722018585747, 2.5808615404180753, 3.874675120456132, 5.817091329374361, 8.733261623828437, 13.111339374215643, 19.68419447286613, 29.55209235202888], "error": [0.10001436049373263, 0.18040247321243402, 0.06778125075486027, 0.04514804926769166, 0.03594341870828283, 0.016929097100463565, 0.008734515763316578, 0.006717963083977007, 0.003875231542933958, 0.0021075672372034256, 0.0014038181414557304], "strain": 0.07047127092558128, "timestep": 5810000}