{"hist": [0.3272121350720138, 0.8282136997568245, 0.20324331079030525, 0.15471685174964322, 0.09017270220894959, 0.01716075740116344, 0.011430516728301539, 0.019034228737934856, 0.005071362875499445, 0.003377956859861782], "bin_edges": [0.5080218046913021, 0.7626985859023445, 1.1450475699382818, 1.7190722018585747, 2.5808615404180753, 3.874675120456132, 5.817091329374361, 8.733261623828437, 13.111339374215643, 19.68419447286613], "error": [0.14633371541677317, 0.19000525373136498, 0.07681875085550831, 0.05470066751800324, 0.03408207787022361, 0.012134487928659904, 0.008082595891048287, 0.008512365871460472, 0.003585995079123366, 0.0023885762021638823], "strain": 0.3903408694530424, "timestep": 5710000}