{"hist": [0.22309918300364578, 1.040220555914672, 0.35633567476222355, 0.09230266723700305, 0.043915277049813115, 0.035101549229652494, 0.01948383533233217, 0.005186621122669887, 0.0023031524044512153], "bin_edges": [0.5080218046913021, 0.7626985859023445, 1.1450475699382818, 1.7190722018585747, 2.5808615404180753, 3.874675120456132, 5.817091329374361, 13.111339374215643, 19.68419447286613], "error": [0.09977298778416353, 0.17582936573746957, 0.08398912400101746, 0.03488712897957992, 0.019639508946823706, 0.01433014746563876, 0.008713436053101388, 0.0029944971013580583, 0.001628574683293556], "strain": 0.015493683678673898, "timestep": 7010000}