{"hist": [0.3624503650028461, 0.6437936451551025, 0.37521841992056354, 0.19637138875916255, 0.08323634050056886, 0.015840699139535484, 0.010551246210739882, 0.004681258038922565, 0.004677171036731698, 0.002076927823432952], "bin_edges": [0.5080218046913021, 0.7626985859023445, 1.1450475699382818, 1.7190722018585747, 2.5808615404180753, 3.874675120456132, 5.817091329374361, 13.111339374215643, 19.68419447286613, 29.55209235202888], "error": [0.1479697418904151, 0.16094841128877563, 0.10028134089638736, 0.05920820146137784, 0.0314603795725141, 0.011201065780301448, 0.007460857745583034, 0.0033101493038061843, 0.0027003659571029673, 0.0014686097479844568], "strain": 0.050479421017614955, "timestep": 5410000}