{"hist": [0.161919407045945, 0.9976312606946014, 0.2693946682051174, 0.19140229082430088, 0.063745061944471, 0.021229802970511472, 0.017676056796342588, 0.009418999787844051, 0.004705388234999485], "bin_edges": [0.5080218046913021, 0.7626985859023445, 1.1450475699382818, 1.7190722018585747, 2.5808615404180753, 3.874675120456132, 5.817091329374361, 8.733261623828437, 13.111339374215643], "error": [0.0809597035229725, 0.16400956896235938, 0.06955740423436617, 0.04785057270607522, 0.022537282784045983, 0.010614901485255736, 0.007904972914153836, 0.004709499893922026, 0.002716657164118651], "strain": 0.25539588257426976, "timestep": 4410000}