{"hist": [0.4061943745721551, 0.9319283009967899, 0.30035957259651025, 0.13337659633589932, 0.06218807048893075, 0.03550501531275195, 0.011824672477553316, 0.007876232581214422], "bin_edges": [0.5080218046913021, 0.7626985859023445, 1.1450475699382818, 1.7190722018585747, 2.5808615404180753, 3.874675120456132, 5.817091329374361, 8.733261623828437], "error": [0.13539812485738503, 0.16737926396782765, 0.07755250816935079, 0.04217738309823101, 0.023504881289809387, 0.014494861804324263, 0.006826977837994567, 0.004547345000964248], "strain": 0.22540810771232025, "timestep": 2110000}