{"hist": [0.35294792097655425, 0.9109860919856261, 0.2348879354237878, 0.15645524334233582, 0.07815932454708312, 0.034707149800105835, 0.01926491583421608, 0.004554548575094538], "bin_edges": [0.5080218046913021, 0.7626985859023445, 1.1450475699382818, 1.7190722018585747, 2.5808615404180753, 3.874675120456132, 5.817091329374361, 19.68419447286613], "error": [0.1247859341641076, 0.16361793219326973, 0.06780630637315967, 0.045164738429913, 0.026053108182361038, 0.014169134572766414, 0.008615532277223843, 0.002277274287547269], "strain": 0.3503571696371098, "timestep": 7210000}