{"hist": [0.18477861745243135, 0.8923169272921824, 0.3074268566576046, 0.12286338227177548, 0.03637218240360992, 0.03634042743775787, 0.04034300021753484, 0.0053696783387641184, 0.0023823583857025036], "bin_edges": [0.5080218046913021, 0.7626985859023445, 1.1450475699382818, 1.7190722018585747, 2.5808615404180753, 3.874675120456132, 5.817091329374361, 13.111339374215643, 29.55209235202888], "error": [0.09238930872621567, 0.1656990935746296, 0.07937727306745315, 0.0409544607572585, 0.01818609120180496, 0.014835917376190715, 0.01275757683320785, 0.0031001852343471663, 0.0013754552552915028], "strain": 0.585261406055714, "timestep": 7410000}