{"hist": [0.53543803920875, 0.9114313442299982, 0.23755711650814904, 0.07032584170438327, 0.09368592437293465, 0.015600688546512219, 0.025978447109776225, 0.0030708698726016202, 0.0030681888300714065], "bin_edges": [0.5080218046913021, 0.7626985859023445, 1.1450475699382818, 1.7190722018585747, 2.5808615404180753, 3.874675120456132, 5.817091329374361, 19.68419447286613, 29.55209235202888], "error": [0.17847934640291666, 0.1900465726953701, 0.07918570550271635, 0.03516292085219164, 0.033122976212916065, 0.011031352662418092, 0.011617914737468515, 0.002171432911058075, 0.0017714196469663297], "strain": 0.525285856331815, "timestep": 8410000}