{"hist": [0.5436755475042692, 0.8449791592660719, 0.3216157885033402, 0.14281555546120914, 0.0237818115715911, 0.010551246210739882, 0.0070218870583838465, 0.007795285061219497, 0.002076927823432952], "bin_edges": [0.5080218046913021, 0.7626985859023445, 1.1450475699382818, 1.7190722018585747, 2.5808615404180753, 5.817091329374361, 13.111339374215643, 19.68419447286613, 29.55209235202888], "error": [0.18122518250142305, 0.18438956942842483, 0.09284248103401861, 0.050492923862772224, 0.01681628023117277, 0.007460857745583034, 0.0040540883833770636, 0.003486157460175081, 0.0014686097479844568], "strain": 0.010495721201682318, "timestep": 10910000}