{"hist": [0.5556432482354952, 0.7648845489313275, 0.2793910741322256, 0.14231031175085107, 0.07291593170535007, 0.01942727252961899, 0.009705155712708854, 0.019393365129216647, 0.004305874139575], "bin_edges": [0.5080218046913021, 0.7626985859023445, 1.1450475699382818, 1.7190722018585747, 2.5808615404180753, 3.874675120456132, 5.817091329374361, 8.733261623828437, 13.111339374215643], "error": [0.1434664697899111, 0.13737732042642456, 0.06776228879423177, 0.03946977892653531, 0.023058042190219175, 0.009713636264809495, 0.005603274263259691, 0.006464455043072216, 0.002485997593580275], "strain": 0.4653103066079161, "timestep": 6210000}