{"hist": [0.2485155456243143, 0.860768402145667, 0.441034309129053, 0.10281816097286416, 0.03913462663679548, 0.026066973267590037, 0.008681405110102436, 0.01734765150799126, 0.0057775020100626585], "bin_edges": [0.5080218046913021, 0.7626985859023445, 1.1450475699382818, 1.7190722018585747, 2.5808615404180753, 3.874675120456132, 5.817091329374361, 8.733261623828437, 13.111339374215643], "error": [0.11113953069628343, 0.16881057227787838, 0.09861826956222185, 0.038861612027886495, 0.01956731331839774, 0.013033486633795019, 0.006138680423580978, 0.0070821490717002875, 0.00333564234075328], "strain": 0.18542440789638762, "timestep": 6310000}