{"hist": [0.5521704779340234, 0.9807793812909764, 0.16332051759935245, 0.23570145383734709, 0.08453690832089024, 0.02413231509538609], "bin_edges": [0.5080218046913021, 0.7626985859023445, 1.1450475699382818, 1.7190722018585747, 2.5808615404180753, 3.874675120456132], "error": [0.1840568259780078, 0.20020075286712322, 0.0666753221076089, 0.0653718213470741, 0.03195194800333463, 0.013932798616490029], "strain": 0.35535513211410136, "timestep": 1610000}