{"hist": [0.2454091013040104, 0.8718038944808679, 0.3266410351987049, 0.09669803234352702, 0.09661360950958885, 0.03753915681504503, 0.010716109432782693, 0.009517114368967428, 0.0047544026957807295, 0.002111223037413614], "bin_edges": [0.5080218046913021, 0.7626985859023445, 1.1450475699382818, 1.7190722018585747, 2.5808615404180753, 3.874675120456132, 5.817091329374361, 8.733261623828437, 13.111339374215643, 19.68419447286613], "error": [0.10018784607163522, 0.15411461141306576, 0.076990030334266, 0.03418791719875203, 0.027889946728871257, 0.014188467622809234, 0.006186948665682576, 0.004758557184483714, 0.002744955676244887, 0.0014928601263524265], "strain": 0.5352817812857982, "timestep": 2910000}