{"hist": [0.7853091241728332, 1.0461646733770413, 0.29864323218167305, 0.06630722217841852, 0.04416622149009776, 0.003857151672089768], "bin_edges": [0.5080218046913021, 0.7626985859023445, 1.1450475699382818, 1.7190722018585747, 2.5808615404180753, 29.55209235202888], "error": [0.29681894926732266, 0.2795992698516539, 0.12192058899677055, 0.04688628644400277, 0.031230234715035148, 0.002727418103399705], "strain": 0.5452777062397813, "timestep": 11810000}