{"hist": [0.5203855642109135, 0.9138185399980181, 0.25186778617731465, 0.08388263046667403, 0.08380939620108913, 0.024810733592043527, 0.022015493480021037, 0.0036660454521682735], "bin_edges": [0.5080218046913021, 0.7626985859023445, 1.1450475699382818, 1.7190722018585747, 2.5808615404180753, 3.874675120456132, 8.733261623828437, 13.111339374215643], "error": [0.15690215116409068, 0.16969184281739177, 0.07270796707483386, 0.03424494048763163, 0.027936465400363042, 0.012405366796021763, 0.007783652365445549, 0.002592285599366289], "strain": 0.3753469820220677, "timestep": 2510000}