{"hist": [0.32721213507201385, 1.0171045435610124, 0.21776069013246993, 0.17727972596313285, 0.03220453650319628, 0.0429018935029086, 0.009517114368967426, 0.0028149640498848186, 0.0018750042850436371], "bin_edges": [0.5080218046913021, 0.7626985859023445, 1.1450475699382818, 1.7190722018585747, 2.5808615404180753, 3.874675120456132, 8.733261623828437, 19.68419447286613, 29.55209235202888], "error": [0.1335837947621803, 0.19221469140116432, 0.07258689671082331, 0.05345184854152166, 0.018593297819247505, 0.01751462468022515, 0.0054947085428317995, 0.001990480168469902, 0.00132582824470819], "strain": 0.46031234413092453, "timestep": 8610000}