{"hist": [0.18053083314318005, 1.0221149107706726, 0.18021574355790615, 0.1600519156030792, 0.06218807048893075, 0.04142251786487727, 0.01576622997007109, 0.005250821720809615, 0.010492474914826437], "bin_edges": [0.5080218046913021, 0.7626985859023445, 1.1450475699382818, 1.7190722018585747, 2.5808615404180753, 3.874675120456132, 5.817091329374361, 8.733261623828437, 13.111339374215643], "error": [0.09026541657159003, 0.17529126105023202, 0.06007191451930205, 0.046203008278876516, 0.023504881289809387, 0.015656240135513637, 0.007883114985035545, 0.0037128916455860953, 0.00428353494671286], "strain": 0.4153306818380003, "timestep": 4110000}