{"hist": [0.8266411833398245, 0.6882662324848957, 0.45844355817362087, 0.12214488296024464, 0.040679414530353196, 0.003552639697977418], "bin_edges": [0.5080218046913021, 0.7626985859023445, 1.1450475699382818, 1.7190722018585747, 2.5808615404180753, 29.55209235202888], "error": [0.292261793173831, 0.21764889312352417, 0.1449725822460544, 0.06107244148012232, 0.028764689869111317, 0.00251209562155236], "strain": 0.045481458540623375, "timestep": 11910000}