{"hist": [0.4042032256771936, 0.7692387304242952, 0.3586646661005387, 0.15357922783971936, 0.0568315350056405, 0.015141844765732448, 0.01008575005438371, 0.006717963083977007, 0.004474731948970099, 0.0029805501704662785, 0.0029779479821281296], "bin_edges": [0.5080218046913021, 0.7626985859023445, 1.1450475699382818, 1.7190722018585747, 2.5808615404180753, 3.874675120456132, 5.817091329374361, 8.733261623828437, 13.111339374215643, 19.68419447286613, 29.55209235202888], "error": [0.1527744591817102, 0.17200700921543596, 0.09585716409213499, 0.05119307594657312, 0.02541583510765421, 0.010706901113523444, 0.007131702256807312, 0.004750317252441033, 0.0031641133051088528, 0.0021075672372034256, 0.0017193190691143785], "strain": 0.2154121827583371, "timestep": 5010000}