{"hist": [0.643696003420355, 1.2862680410373462, 0.14279389516883273, 0.1331579461779716, 0.004988225779179782, 0.00664516103579367], "bin_edges": [0.5080218046913021, 0.7626985859023445, 1.1450475699382818, 1.7190722018585747, 13.111339374215643, 19.68419447286613], "error": [0.20355454915558574, 0.23483934035804507, 0.06385937127389775, 0.05032897295414808, 0.0035272082745475735, 0.003322580517896835], "strain": 0.41033271936100874, "timestep": 11210000}