{"hist": [0.3053979927338796, 0.8718038944808679, 0.2516345752641875, 0.16760992272878014, 0.07729088760767108, 0.02288100986821792, 0.015240688971068719, 0.0076136914951739415, 0.0033809085836662965, 0.003377956859861782, 0.0015000034280349098], "bin_edges": [0.5080218046913021, 0.7626985859023445, 1.1450475699382818, 1.7190722018585747, 2.5808615404180753, 3.874675120456132, 5.817091329374361, 8.733261623828437, 13.111339374215643, 19.68419447286613, 29.55209235202888], "error": [0.1154295913817366, 0.15916888624267497, 0.06979087413804849, 0.04648662851347492, 0.025763629202557026, 0.01144050493410896, 0.0076203444855343595, 0.0043957668342654395, 0.002390663386082244, 0.001950264302352143, 0.0010606625957665522], "strain": 0.11045497074151392, "timestep": 6410000}