{"hist": [0.2533255239267204, 0.8858652476176561, 0.22478522852383992, 0.18715748195521356, 0.06233136097392829, 0.01660718458177107, 0.02765447595556824, 0.011052132815575077, 0.00490348576431549], "bin_edges": [0.5080218046913021, 0.7626985859023445, 1.1450475699382818, 1.7190722018585747, 2.5808615404180753, 3.874675120456132, 5.817091329374361, 8.733261623828437, 19.68419447286613], "error": [0.1266627619633602, 0.1933116453685099, 0.07947357969988747, 0.05918439241203384, 0.027875432053556227, 0.011743052834187001, 0.012367457623756807, 0.006380951856191768, 0.0028310288259950464], "strain": 0.490300118992874, "timestep": 5610000}