{"hist": [0.6461404186232172, 1.2249396492072953, 0.26462058547743184, 0.10281816097286416, 0.0057775020100626585, 0.005131073711182454], "bin_edges": [0.5080218046913021, 0.7626985859023445, 1.1450475699382818, 1.7190722018585747, 13.111339374215643, 19.68419447286613], "error": [0.17920710849967517, 0.20137883783985897, 0.07638938312925583, 0.038861612027886495, 0.00333564234075328, 0.002565536855591227], "strain": 0.5052940064238487, "timestep": 11110000}