{"hist": [0.4207013165211607, 0.7161246276092843, 0.2903475868432932, 0.15195405082554245, 0.11961684986901476, 0.01838652578696083, 0.012246982208894506, 0.007244804107856349, 0.0036192394927090526], "bin_edges": [0.5080218046913021, 0.7626985859023445, 1.1450475699382818, 1.7190722018585747, 2.5808615404180753, 3.874675120456132, 5.817091329374361, 13.111339374215643, 19.68419447286613], "error": [0.14023377217372024, 0.1493223071177908, 0.07759865664601404, 0.045815870178447134, 0.033175745047093134, 0.010615465612563832, 0.007070798475065801, 0.0036224020539281747, 0.002089568895377296], "strain": 0.5502756687167729, "timestep": 5310000}