{"hist": [0.25170164236308756, 0.9388657325178577, 0.26801315708611684, 0.20827268504759663, 0.0396363526193185, 0.02640116523255914, 0.026378115526849707, 0.0039010483657688035], "bin_edges": [0.5080218046913021, 0.7626985859023445, 1.1450475699382818, 1.7190722018585747, 2.5808615404180753, 3.874675120456132, 5.817091329374361, 13.111339374215643], "error": [0.11256439647444091, 0.17742894590876707, 0.07736873419501551, 0.055663216462255895, 0.01981817630965925, 0.01320058261627957, 0.010768820569494676, 0.00275845775317182], "strain": 0.16043459551142972, "timestep": 4310000}