{"hist": [0.3166569049084005, 0.9280493070280207, 0.3371778427857599, 0.07486299278208543, 0.08726390536349961, 0.01660718458177107, 0.016592685573340944, 0.004907770524676882, 0.00490348576431549], "bin_edges": [0.5080218046913021, 0.7626985859023445, 1.1450475699382818, 1.7190722018585747, 2.5808615404180753, 3.874675120456132, 5.817091329374361, 13.111339374215643, 19.68419447286613], "error": [0.14161327298397405, 0.19786077707170185, 0.0973348591485679, 0.037431496391042714, 0.032982656003442204, 0.011743052834187001, 0.009579791482347215, 0.0034703178185064836, 0.0028310288259950464], "strain": 0.5002960439468571, "timestep": 9010000}