{"hist": [1.0352671246960305, 0.29034758684329326, 0.19339606468705403, 0.07246020713219163, 0.02681368343931788, 0.014288145910376924, 0.004758557184483714, 0.007924004492967882], "bin_edges": [0.7626985859023445, 1.1450475699382818, 1.7190722018585747, 2.5808615404180753, 3.874675120456132, 5.817091329374361, 8.733261623828437, 13.111339374215643], "error": [0.16794250421814844, 0.07258689671082331, 0.04834901617176351, 0.02415340237739721, 0.011991443779495027, 0.007144072955188462, 0.003364808053812399, 0.0035437225400579875], "strain": 0.09546108331053918, "timestep": 4510000}