{"hist": [0.3523822993083226, 0.9388657325178577, 0.22334429757176402, 0.11901296288434093, 0.1189090578579555, 0.019800873924419354, 0.00879270517561657, 0.005856685765518417, 0.0039010483657688035, 0.00259615977929119], "bin_edges": [0.5080218046913021, 0.7626985859023445, 1.1450475699382818, 1.7190722018585747, 2.5808615404180753, 3.874675120456132, 5.817091329374361, 8.733261623828437, 13.111339374215643, 29.55209235202888], "error": [0.13318799005584991, 0.17742894590876707, 0.07062766827371882, 0.04207743655231018, 0.0343260882816877, 0.011432039890453357, 0.006217381454652529, 0.004141302220076799, 0.00275845775317182, 0.001498893547433048], "strain": 0.240401995143295, "timestep": 8210000}