{"hist": [0.4169782960209734, 0.671211847963146, 0.40083383670401546, 0.12322581112803441, 0.04787931090740686, 0.05011548621578704, 0.012138601835364466, 0.006064002075802254, 0.0053855180978755164, 0.002690408118473986, 0.0011946929957800166], "bin_edges": [0.5080218046913021, 0.7626985859023445, 1.1450475699382818, 1.7190722018585747, 2.5808615404180753, 3.874675120456132, 5.817091329374361, 8.733261623828437, 13.111339374215643, 19.68419447286613, 29.55209235202888], "error": [0.12037126572697024, 0.12464091109596033, 0.0786099828870015, 0.03557222761294033, 0.018096678515162976, 0.01511038763309033, 0.006069300917682233, 0.003501053230830881, 0.0026927590489377582, 0.0015533078514309104, 0.0008447755187521211], "strain": 0.15043867055744656, "timestep": 3710000}