{"hist": [1.7097138638119551], "bin_edges": [1.0], "error": [0.9871037595090675], "strain": 0.10545700826452234, "timestep": 1210000}