{"hist": [0.7305201155096124, 1.0339999678726572, 0.2430817006129897, 0.1349274869909679, 0.03594925005007957, 0.023945242885344335, 0.003139542058677718], "bin_edges": [0.5080218046913021, 0.7626985859023445, 1.1450475699382818, 1.7190722018585747, 2.5808615404180753, 3.874675120456132, 29.55209235202888], "error": [0.25827786373501344, 0.25078182849554315, 0.09923768871830162, 0.060341406589004554, 0.025419958488982094, 0.01693184362138591, 0.0022199914795113878], "strain": 0.1654325579884213, "timestep": 11710000}