{"hist": [0.1852144160784984, 1.0856425855799487, 0.26295630506562406, 0.1313633646930933, 0.08020752487588509, 0.033997726926833234, 0.00647010380847257, 0.0057411655194333335, 0.0019120510527519522, 0.0012735878162560554], "bin_edges": [0.5080218046913021, 0.7626985859023445, 1.1450475699382818, 1.7190722018585747, 2.5808615404180753, 3.874675120456132, 5.817091329374361, 13.111339374215643, 19.68419447286613, 29.55209235202888], "error": [0.08283040495289049, 0.1636667778545451, 0.06573907626640602, 0.037921336983606196, 0.024183478670582535, 0.012849932941412137, 0.004575054277951861, 0.0028705827597166667, 0.0013520242653757824, 0.0009005625813112234], "strain": 0.33036531972914346, "timestep": 8010000}