{"hist": [0.22828753609675384, 1.1556470229164992, 0.3848793593039004, 0.1349274869909679, 0.03594925005007957, 0.007974779112768516, 0.007967816680995986, 0.002356714088275662], "bin_edges": [0.5080218046913021, 0.7626985859023445, 1.1450475699382818, 1.7190722018585747, 2.5808615404180753, 5.817091329374361, 8.733261623828437, 19.68419447286613], "error": [0.10209328982565571, 0.18747070238304941, 0.08829738066633593, 0.04266781778541974, 0.017974625025039784, 0.005639020389103457, 0.004600221105626624, 0.0016664485131375924], "strain": 0.5702675186247392, "timestep": 4710000}