{"hist": [0.33182075669274647, 0.8104092540244687, 0.34350982105403705, 0.13074663528138863, 0.06531624304873612, 0.021753072762038164, 0.019319183202763164, 0.009651158233319081, 0.00642848815204155], "bin_edges": [0.5080218046913021, 0.7626985859023445, 1.1450475699382818, 1.7190722018585747, 2.5808615404180753, 3.874675120456132, 5.817091329374361, 8.733261623828437, 13.111339374215643], "error": [0.1354652566602392, 0.1727798334992326, 0.09180686138401661, 0.0462259162123971, 0.0266652445641687, 0.012559142414864251, 0.009659591601381582, 0.005572098803998444, 0.003711489365063509], "strain": 0.4703082690849077, "timestep": 6110000}