{"hist": [0.4908182026080207, 0.7846235050327811, 0.3484171042119519, 0.2030658679214067, 0.03864544380383554, 0.03217642012718146, 0.025718662638678464], "bin_edges": [0.5080218046913021, 0.7626985859023445, 1.1450475699382818, 1.7190722018585747, 2.5808615404180753, 3.874675120456132, 5.817091329374361], "error": [0.15521034373113413, 0.16016060229369858, 0.08710427605298797, 0.0542716360506995, 0.01932272190191777, 0.014389732535394033, 0.010499600055257309], "strain": 0.38034494449905926, "timestep": 4010000}