{"hist": [0.3464599077233088, 1.2307819686788724, 0.2561890472146705, 0.11945051054200395, 0.0227326140022562, 0.015141844765732448, 0.010076944625965511, 0.004470825255699418], "bin_edges": [0.5080218046913021, 0.7626985859023445, 1.1450475699382818, 1.7190722018585747, 2.5808615404180753, 3.874675120456132, 8.733261623828437, 19.68419447286613], "error": [0.14144166504230857, 0.21757356905373987, 0.08101409007867746, 0.04514804926769166, 0.01607438551509162, 0.010706901113523444, 0.005817926692410141, 0.0025812321648778364], "strain": 0.24539995762028657, "timestep": 9210000}