{"hist": [0.3430962192988107, 0.7363780467945195, 0.20296141992929237, 0.214050013342953, 0.10505557538906748, 0.05498106740178578, 0.019975660301886185, 0.004435160094276082], "bin_edges": [0.5080218046913021, 0.7626985859023445, 1.1450475699382818, 1.7190722018585747, 2.5808615404180753, 3.874675120456132, 5.817091329374361, 8.733261623828437], "error": [0.1143654064329369, 0.13674197042566522, 0.058589915215642815, 0.049106440896077096, 0.028077283548306502, 0.01657741555863308, 0.00815502916913189, 0.003136131778310585], "strain": 0.5952573310096971, "timestep": 3910000}