{"hist": [0.6980525548202963, 0.9880444137449836, 0.27099108105374037, 0.12893070979136934, 0.03435150560340937, 0.03432151480232688], "bin_edges": [0.5080218046913021, 0.7626985859023445, 1.1450475699382818, 1.7190722018585747, 2.5808615404180753, 3.874675120456132], "error": [0.24679884756901282, 0.23963596945129678, 0.10242500114067775, 0.05765956629615991, 0.024290182556138448, 0.01981553581011915], "strain": 0.5802634435787224, "timestep": 1510000}