{"hist": [0.17071937482018115, 0.9665651873592231, 0.3219071071523469, 0.12612786827416567, 0.04200591717808211, 0.027979495762766482, 0.026091396879818728, 0.012413627437783601, 0.004961115856466848], "bin_edges": [0.5080218046913021, 0.7626985859023445, 1.1450475699382818, 1.7190722018585747, 2.5808615404180753, 3.874675120456132, 5.817091329374361, 8.733261623828437, 13.111339374215643], "error": [0.08535968741009058, 0.16576456208011073, 0.07807394143683226, 0.039885134016805414, 0.018785617253483544, 0.012512810900342636, 0.00986162107175528, 0.005551542959648134, 0.0028643015752120556], "strain": 0.300377544867194, "timestep": 2610000}