{"hist": [0.7853091241728333, 1.0461646733770413, 0.27099108105374037, 0.006761817167332593, 0.011259856199539274], "bin_edges": [0.5080218046913021, 0.7626985859023445, 1.1450475699382818, 13.111339374215643, 19.68419447286613], "error": [0.2617697080576111, 0.2465833782609052, 0.10242500114067775, 0.004781326772164488, 0.00503556077580845], "strain": 0.4503164191769414, "timestep": 11010000}