{"hist": [0.3739567257965873, 0.9963473079781348, 0.26960847349734374, 0.11051203696403086, 0.055207776862622196, 0.03677305157392166, 0.01632930961185934, 0.00815752660197208, 0.005433603080892262], "bin_edges": [0.5080218046913021, 0.7626985859023445, 1.1450475699382818, 1.7190722018585747, 2.5808615404180753, 3.874675120456132, 5.817091329374361, 8.733261623828437, 13.111339374215643], "error": [0.1322136683405426, 0.17613098447207515, 0.07477593657648053, 0.03907190537000231, 0.022538480524475924, 0.015012535440192987, 0.00816465480592967, 0.0047097501795701135, 0.0031370922014227276], "strain": 0.055477383494606534, "timestep": 2810000}