{"hist": [0.3569586928058333, 0.9510587939791286, 0.2639523516757211, 0.12307022298267073, 0.05855370273308415, 0.02340103281976833, 0.01039137884391049, 0.013830989660453031, 0.002045459220047604], "bin_edges": [0.5080218046913021, 0.7626985859023445, 1.1450475699382818, 1.7190722018585747, 2.5808615404180753, 3.874675120456132, 5.817091329374361, 13.111339374215643, 29.55209235202888], "error": [0.1457277761041967, 0.1941340633863013, 0.08346906250530406, 0.046516171972773225, 0.026186011929098276, 0.013510592597808513, 0.007347814446407534, 0.005646477884303316, 0.0014463580851362073], "strain": 0.08546515835655602, "timestep": 5110000}