{"hist": [0.24163357666856408, 1.1668759818436232, 0.13400657854305842, 0.16066749989386025, 0.08323634050056886, 0.047522097418606454, 0.0070280229186221], "bin_edges": [0.5080218046913021, 0.7626985859023445, 1.1450475699382818, 1.7190722018585747, 2.5808615404180753, 3.874675120456132, 8.733261623828437], "error": [0.12081678833428204, 0.21668343005913104, 0.05992956381088867, 0.053555833297953416, 0.0314603795725141, 0.019400815030403244, 0.004969562664092158], "strain": 0.12544885817248866, "timestep": 1910000}