{"hist": [0.38712421614153747, 0.8104092540244687, 0.318973405264463, 0.22880661174243008, 0.0870883240649815, 0.029004097016050886, 0.009659591601381582], "bin_edges": [0.5080218046913021, 0.7626985859023445, 1.1450475699382818, 1.7190722018585747, 2.5808615404180753, 3.874675120456132, 5.817091329374361], "error": [0.14631920034304638, 0.1727798334992326, 0.08846730524541359, 0.06115113921205577, 0.030790372254260005, 0.014502048508025443, 0.006830362724829538], "strain": 0.28538365743621924, "timestep": 1810000}