{"hist": [0.13088485402880554, 0.9880444137449836, 0.19356505789552883, 0.10314456783309547, 0.09446664040937577, 0.02288100986821792, 0.022861033456603078, 0.020303177320463845, 0.0033809085836662965, 0.0022500051420523645], "bin_edges": [0.5080218046913021, 0.7626985859023445, 1.1450475699382818, 1.7190722018585747, 2.5808615404180753, 3.874675120456132, 5.817091329374361, 8.733261623828437, 13.111339374215643, 29.55209235202888], "error": [0.07556640570637575, 0.1694482190152243, 0.06121064583722297, 0.03646711167866882, 0.028482763767574987, 0.01144050493410896, 0.009332977826895385, 0.007178257181466451, 0.002390663386082244, 0.0012990410744419748], "strain": 0.005497758724690738, "timestep": 2710000}