{"hist": [0.3053979927338796, 0.7265032454007232, 0.27099108105374037, 0.18050299370791706, 0.06870301120681874, 0.028601262335272402, 0.022861033456603078, 0.0076136914951739415, 0.011833180042832039], "bin_edges": [0.5080218046913021, 0.7626985859023445, 1.1450475699382818, 1.7190722018585747, 2.5808615404180753, 3.874675120456132, 5.817091329374361, 8.733261623828437, 13.111339374215643], "error": [0.1154295913817366, 0.14530064908014464, 0.07242541286961311, 0.04824145426728844, 0.024290182556138448, 0.012790873364794694, 0.009332977826895385, 0.0043957668342654395, 0.004472521658912316], "strain": 0.13544478312647182, "timestep": 6910000}