{"hist": [0.40157852940656247, 1.040220555914672, 0.2573535428838281, 0.15823314383486237, 0.026349166229887866, 0.015587068265865735, 0.010382306584328102, 0.0034577474151132577, 0.0023031524044512153, 0.0023011416225535548], "bin_edges": [0.5080218046913021, 0.7626985859023445, 1.1450475699382818, 1.7190722018585747, 2.5808615404180753, 5.817091329374361, 8.733261623828437, 13.111339374215643, 19.68419447286613, 29.55209235202888], "error": [0.1338595098021875, 0.17582936573746957, 0.07137703036845869, 0.04567797409388928, 0.015212698215747956, 0.007793534132932867, 0.005191153292164051, 0.0024449966448568403, 0.001628574683293556, 0.0013285647352247471], "strain": 0.4203286443149919, "timestep": 8310000}