{"hist": [0.4908182026080208, 1.2259742266137206, 0.2722008626655874, 0.07252352425764526, 0.04830680475479442, 0.03217642012718145], "bin_edges": [0.5080218046913021, 0.7626985859023445, 1.1450475699382818, 1.7190722018585747, 2.5808615404180753, 3.874675120456132], "error": [0.2454091013040104, 0.31654518417029714, 0.1217319264908676, 0.051281875798128033, 0.03415806921956969, 0.022752164866237316], "strain": 0.2653918075282529, "timestep": 1310000}