{"hist": [0.45306295625355764, 1.1065203276103324, 0.46902302490070447, 0.11157465270406962, 0.00259615977929119], "bin_edges": [0.5080218046913021, 0.7626985859023445, 1.1450475699382818, 1.7190722018585747, 29.55209235202888], "error": [0.18496217736301887, 0.2359109265085676, 0.12535167612048423, 0.049897701602446075, 0.001835762184980571], "strain": 0.36035309459109294, "timestep": 11610000}