{"hist": [0.3020419708357051, 0.8047420564438781, 0.3182656240397638, 0.18967690959691835, 0.044590896696733315, 0.024751092405524196, 0.026378115526849707, 0.006588771486208219, 0.004388679411489904, 0.001298079889645595], "bin_edges": [0.5080218046913021, 0.7626985859023445, 1.1450475699382818, 1.7190722018585747, 2.5808615404180753, 3.874675120456132, 5.817091329374361, 8.733261623828437, 13.111339374215643, 29.55209235202888], "error": [0.10678796289043824, 0.14225964130436838, 0.07301514170485471, 0.04600340782404862, 0.018204157346692094, 0.011069025027226178, 0.009326072181978793, 0.003804028991191246, 0.0025338052396106647, 0.0009178810924902855], "strain": 0.28038569495922766, "timestep": 3310000}