{"hist": [0.2039763958890476, 0.9850251794783831, 0.294118334724375, 0.1657680554460463, 0.12045333133663025, 0.01337201875415333, 0.008906896151923277], "bin_edges": [0.5080218046913021, 0.7626985859023445, 1.1450475699382818, 1.7190722018585747, 2.5808615404180753, 3.874675120456132, 5.817091329374361], "error": [0.1019881979445238, 0.18291458381614956, 0.08157374899252422, 0.049980949285578696, 0.03477188163599533, 0.009455445139215507, 0.0062981266683493145], "strain": 0.0654733084485897, "timestep": 7910000}