{"hist": [0.7853091241728333, 0.8718038944808679, 0.26131282815896395, 0.1353772452809378, 0.05152725840511405, 0.005071362875499445, 0.005066935289792673], "bin_edges": [0.5080218046913021, 0.7626985859023445, 1.1450475699382818, 1.7190722018585747, 2.5808615404180753, 13.111339374215643, 19.68419447286613], "error": [0.22669921711912727, 0.19494127711082743, 0.08710427605298798, 0.05116778917005055, 0.025763629202557026, 0.003585995079123366, 0.0029253964535282144], "strain": 0.02548960863265706, "timestep": 10610000}