{"hist": [0.3116306048304894, 0.9963473079781348, 0.13826075563966345, 0.23944274675540023, 0.049073579433441955, 0.03268715695459703, 0.010886206407906229, 0.0072511347573085165, 0.002142862040049871], "bin_edges": [0.5080218046913021, 0.7626985859023445, 1.1450475699382818, 1.7190722018585747, 2.5808615404180753, 3.874675120456132, 5.817091329374361, 8.733261623828437, 29.55209235202888], "error": [0.13936544325406972, 0.2033785425951728, 0.06183208964615498, 0.06640946930496418, 0.024536789716720978, 0.016343578477298514, 0.007697710372426941, 0.005127326558190322, 0.0015152322796665029], "strain": 0.48530215651588243, "timestep": 8910000}