{"hist": [0.4808015045956122, 1.01413922419203, 0.3199748916232211, 0.04736230155601323, 0.07886825266088886, 0.00931474813867245, 0.004136273705953202], "bin_edges": [0.5080218046913021, 0.7626985859023445, 1.1450475699382818, 1.7190722018585747, 2.5808615404180753, 13.111339374215643, 19.68419447286613], "error": [0.1962863923036119, 0.2326594943649367, 0.10665829720774038, 0.033490204602859126, 0.03527095484327523, 0.005377872345296105, 0.002924787186323121], "strain": 0.23540403266630341, "timestep": 10710000}