{"hist": [0.1402337721737202, 1.0274831613524513, 0.37330404022709135, 0.14504704851529052, 0.027603888431311098, 0.018386525786960827, 0.02449396441778901, 0.008150404621338394], "bin_edges": [0.5080218046913021, 0.7626985859023445, 1.1450475699382818, 1.7190722018585747, 2.5808615404180753, 3.874675120456132, 5.817091329374361, 13.111339374215643], "error": [0.09916025125540692, 0.21906014604366988, 0.10776359405734304, 0.05482263125362559, 0.019518896696896965, 0.013001237066421322, 0.012246982208894506, 0.004705638302134092], "strain": 0.12045089569549708, "timestep": 10210000}