{"hist": [0.8180303376800346, 0.9444542190209402, 0.19356505789552883, 0.12893070979136934, 0.06440907300639256, 0.0143006311676362, 0.014288145910376924, 0.0028149640498848186], "bin_edges": [0.5080218046913021, 0.7626985859023445, 1.1450475699382818, 1.7190722018585747, 2.5808615404180753, 3.874675120456132, 5.817091329374361, 19.68419447286613], "error": [0.21121452496848023, 0.18522271124933878, 0.06843558251934755, 0.04558388959833602, 0.026294893945221914, 0.01011207327388325, 0.008249264887576768, 0.001990480168469902], "strain": 0.02049164615566548, "timestep": 9610000}