{"hist": [0.1454276155875617, 1.2592722920279202, 0.45165180175623393, 0.042976903263789785, 0.028626254669507807, 0.028601262335272402, 0.008452271459165741], "bin_edges": [0.5080218046913021, 0.7626985859023445, 1.1450475699382818, 1.7190722018585747, 2.5808615404180753, 3.874675120456132, 13.111339374215643], "error": [0.10283285315375533, 0.24696361499911837, 0.12070902144935518, 0.030389259732224023, 0.02024181879678204, 0.016512946508432626, 0.004879921202213131], "strain": 0.18042644541939604, "timestep": 10510000}