{"hist": [0.5149568027362841, 1.1576412369336113, 0.25702901130389894, 0.11413538243826138, 0.05068254925093185, 0.004988225779179782, 0.004983870776845253], "bin_edges": [0.5080218046913021, 0.7626985859023445, 1.1450475699382818, 1.7190722018585747, 2.5808615404180753, 13.111339374215643, 19.68419447286613], "error": [0.18206472361648485, 0.22278815992287726, 0.08567633710129964, 0.046595574761859423, 0.025341274625465926, 0.0035272082745475735, 0.002877439134617916], "strain": 0.5602715936707561, "timestep": 10810000}