{"hist": [0.2533255239267204, 0.5624541254715277, 0.26224943327781325, 0.17468031649153265, 0.157906114467285, 0.04982155374531322, 0.01843631730371216, 0.009824118058288957], "bin_edges": [0.5080218046913021, 0.7626985859023445, 1.1450475699382818, 1.7190722018585747, 2.5808615404180753, 3.874675120456132, 5.817091329374361, 8.733261623828437], "error": [0.10341971207394604, 0.12576856587795318, 0.07008910922865784, 0.046685278323182366, 0.036226147133161114, 0.016607184581771073, 0.008244971749171204, 0.004912059029144478], "strain": 0.1154529332185055, "timestep": 3810000}