{"hist": [0.40901516884001726, 0.8718038944808679, 0.18146724177705828, 0.21757057277293576, 0.08051134125799071, 0.02681368343931788, 0.017860182387971154, 0.004758557184483714, 0.002111223037413614], "bin_edges": [0.5080218046913021, 0.7626985859023445, 1.1450475699382818, 1.7190722018585747, 2.5808615404180753, 3.874675120456132, 5.817091329374361, 8.733261623828437, 19.68419447286613], "error": [0.12934195310927843, 0.15411461141306576, 0.05738498047239654, 0.05128187579812804, 0.025459921585033674, 0.011991443779495027, 0.007987316382009604, 0.003364808053812399, 0.0014928601263524265], "strain": 0.45531438165393295, "timestep": 2410000}