{"hist": [0.10243162489210869, 1.091650093958652, 0.2575256857218775, 0.14126321246706552, 0.033604733742465684, 0.049243912542469, 0.014909369645610704, 0.00993090195022688, 0.006614821141955798], "bin_edges": [0.5080218046913021, 0.7626985859023445, 1.1450475699382818, 1.7190722018585747, 2.5808615404180753, 3.874675120456132, 5.817091329374361, 8.733261623828437, 13.111339374215643], "error": [0.05913892620498973, 0.157566118901977, 0.06245915314946581, 0.0377541816004866, 0.015028493802786836, 0.014847598282949627, 0.006667672805851496, 0.004441234367718507, 0.00295823794648319], "strain": 0.5902593685327056, "timestep": 3610000}