{"hist": [0.5186003650197956, 1.1843373660872167, 0.19721722879921805, 0.15325725880860883, 0.029166372682140028, 0.01942727252961899, 0.002547175632512111], "bin_edges": [0.5080218046913021, 0.7626985859023445, 1.1450475699382818, 1.7190722018585747, 2.5808615404180753, 3.874675120456132, 29.55209235202888], "error": [0.1960125136670999, 0.24175185251879028, 0.0805135965073013, 0.05792579906043458, 0.020623739906155285, 0.01373715614565272, 0.0018011251626224468], "strain": 0.5752654811017308, "timestep": 9910000}