{"hist": [0.10333014791747806, 0.8603327906061197, 0.3209104907215346, 0.12214488296024464, 0.11186838995847131, 0.027095932738679118, 0.018048184307844536, 0.006010809075137322, 0.004003707533289036, 0.004000212070888953], "bin_edges": [0.5080218046913021, 0.7626985859023445, 1.1450475699382818, 1.7190722018585747, 2.5808615404180753, 3.874675120456132, 5.817091329374361, 8.733261623828437, 13.111339374215643, 19.68419447286613], "error": [0.07306544829345775, 0.17206655812122393, 0.08576693629296288, 0.04318473751421308, 0.033729588672128274, 0.013547966369339559, 0.009024092153922268, 0.0042502838574472405, 0.002831048746676342, 0.0023095235159433275], "strain": 0.0904631208335476, "timestep": 5510000}