{"hist": [0.39930972415567795, 0.7535931969241401, 0.23621498590640805, 0.17700656767967654, 0.07860090265186889, 0.017451617696098414, 0.029060635749919166, 0.007742737113736212, 0.0022881408224261334], "bin_edges": [0.5080218046913021, 0.7626985859023445, 1.1450475699382818, 1.7190722018585747, 2.5808615404180753, 3.874675120456132, 5.817091329374361, 8.733261623828437, 29.55209235202888], "error": [0.16301751225215225, 0.18277319703912467, 0.08351460917615293, 0.059002189226558845, 0.03208868413654199, 0.012340157215586341, 0.012996311401235966, 0.005474941918067632, 0.0016179598918472826], "strain": 0.3453592071601182, "timestep": 8510000}