{"hist": [0.27651729724395535, 1.1419403124890242, 0.4171190684227593, 0.0817166470508679, 0.04354416203249075, 0.006434105488879387, 0.004281917146303668], "bin_edges": [0.5080218046913021, 0.7626985859023445, 1.1450475699382818, 1.7190722018585747, 2.5808615404180753, 8.733261623828437, 19.68419447286613], "error": [0.12366229471839987, 0.20509853472114092, 0.10116623397448687, 0.036544795539819666, 0.021772081016245375, 0.004549599622056201, 0.002472166017066097], "strain": 0.3153714322981687, "timestep": 9310000}