{"hist": [0.19632728104320832, 1.2750131956782693, 0.23953675914571693, 0.11603763881223242, 0.057968165705753305, 0.03217642012718146, 0.017145775092452308], "bin_edges": [0.5080218046913021, 0.7626985859023445, 1.1450475699382818, 1.7190722018585747, 2.5808615404180753, 3.874675120456132, 5.817091329374361], "error": [0.09816364052160416, 0.20416550910108555, 0.07222305032582503, 0.04102550063850243, 0.02366540455069972, 0.014389732535394033, 0.008572887546226154], "strain": 0.23040607018931183, "timestep": 1710000}