{"hist": [0.11112864964709905, 0.9376004148190465, 0.24652153599902255, 0.24083283527067106, 0.05104115219374505, 0.02428409066202374, 0.01294020761694514, 0.006464455043072214, 0.00861174827915, 0.0019120510527519522], "bin_edges": [0.5080218046913021, 0.7626985859023445, 1.1450475699382818, 1.7190722018585747, 2.5808615404180753, 3.874675120456132, 5.817091329374361, 8.733261623828437, 13.111339374215643, 19.68419447286613], "error": [0.06416015578843225, 0.1520988717447382, 0.06365158689371243, 0.051345733001659795, 0.019291742190692608, 0.01086017549841059, 0.00647010380847257, 0.003732254859281977, 0.0035157315128681024, 0.0013520242653757824], "strain": 0.060475345971598114, "timestep": 6510000}