{"hist": [0.30204197083570505, 1.0059275705548476, 0.24886936015139421, 0.1785194443265114, 0.025480512398133322, 0.02828696274917051, 0.02260981330872832, 0.007530024555666536, 0.006687511484175092], "bin_edges": [0.5080218046913021, 0.7626985859023445, 1.1450475699382818, 1.7190722018585747, 2.5808615404180753, 3.874675120456132, 5.817091329374361, 8.733261623828437, 13.111339374215643], "error": [0.11416113433358563, 0.1700327932406299, 0.0690239414552128, 0.04771132839621934, 0.014711180692151871, 0.012650314316829918, 0.009230417630995436, 0.004347461704218567, 0.003343755742087546], "strain": 0.4003367944070256, "timestep": 4610000}