{"hist": [0.4840946655859931, 1.0031716046081218, 0.23864185219996703, 0.15895566960579782, 0.03176337846890592, 0.014104732110545293, 0.023487363140345628, 0.004168243459314612, 0.002776402898516533, 0.00184931929483756], "bin_edges": [0.5080218046913021, 0.7626985859023445, 1.1450475699382818, 1.7190722018585747, 2.5808615404180753, 3.874675120456132, 5.817091329374361, 13.111339374215643, 19.68419447286613, 29.55209235202888], "error": [0.16136488852866437, 0.1895816134367648, 0.075465179799316, 0.05026619629515203, 0.018338595109394798, 0.009973551722186221, 0.010503868118807151, 0.002947393215717835, 0.0019632133168470266, 0.001307666213958763], "strain": 0.5552736311937645, "timestep": 4810000}