{"hist": [0.17451313870507407, 1.3948862311693886, 0.3484171042119519, 0.12893070979136934, 0.0030000068560698196], "bin_edges": [0.5080218046913021, 0.7626985859023445, 1.1450475699382818, 1.7190722018585747, 29.55209235202888], "error": [0.12339942378450641, 0.2847299596332419, 0.11613903473731729, 0.05765956629615991, 0.0021213251915331043], "strain": 0.15543663303443814, "timestep": 11510000}