{"hist": [0.4362828467626851, 0.8718038944808679, 0.30970409263284615, 0.25786141958273867, 0.03435150560340937, 0.02288100986821792], "bin_edges": [0.5080218046913021, 0.7626985859023445, 1.1450475699382818, 1.7190722018585747, 2.5808615404180753, 3.874675120456132], "error": [0.19511162055569758, 0.2250987976322113, 0.10949693203095609, 0.08154294065657995, 0.024290182556138448, 0.0161793172382132], "strain": 0.4952980814698656, "timestep": 1410000}