{"hist": [0.5746164323215853, 1.02064846183126, 0.4248989075755511, 0.05660372624986947, 0.007415027253355131], "bin_edges": [0.5080218046913021, 0.7626985859023445, 1.1450475699382818, 1.7190722018585747, 19.68419447286613], "error": [0.23458617616773128, 0.255162115457815, 0.13436483232561142, 0.04002487867170969, 0.004281067980772997], "strain": 0.13044682064948024, "timestep": 11310000}