{"hist": [0.25170164236308756, 0.771211137425383, 0.4243541653863517, 0.10413634252379832, 0.0396363526193185, 0.02640116523255914, 0.01758541035123314, 0.02049840017931446, 0.0058515725486532055], "bin_edges": [0.5080218046913021, 0.7626985859023445, 1.1450475699382818, 1.7190722018585747, 2.5808615404180753, 3.874675120456132, 5.817091329374361, 8.733261623828437, 13.111339374215643], "error": [0.11256439647444091, 0.16080863843454393, 0.0973535222731396, 0.039359837823115806, 0.01981817630965925, 0.01320058261627957, 0.00879270517561657, 0.007747667021306838, 0.003378406986147553], "strain": 0.035485533586640215, "timestep": 5910000}