{"hist": [0.40157852940656247, 0.8916176193554332, 0.31674282201086534, 0.15823314383486237, 0.05269833245977573, 0.029251291024710413, 0.023380602398798602, 0.0023031524044512153], "bin_edges": [0.5080218046913021, 0.7626985859023445, 1.1450475699382818, 1.7190722018585747, 2.5808615404180753, 3.874675120456132, 5.817091329374361, 19.68419447286613], "error": [0.1338595098021875, 0.1627863609300085, 0.07918570550271634, 0.04567797409388928, 0.021514004136999745, 0.013081575032176392, 0.009545090959324825, 0.001628574683293556], "strain": 0.3253673572521519, "timestep": 2010000}