{"hist": [0.6040839416714102, 1.1065203276103324, 0.33501644635764605, 0.0892597221632557, 0.013189057763424853, 0.0038942396689367847], "bin_edges": [0.5080218046913021, 0.7626985859023445, 1.1450475699382818, 1.7190722018585747, 5.817091329374361, 29.55209235202888], "error": [0.21357592578087647, 0.2359109265085676, 0.10594150241057823, 0.04462986108162785, 0.009326072181978793, 0.002248340321149572], "strain": 0.3703490195450761, "timestep": 11410000}