{"hist": [0.3523822993083226, 1.2741749227028067, 0.37968530587199883, 0.10413634252379832, 0.01981817630965925, 0.01320058261627957, 0.005856685765518417], "bin_edges": [0.5080218046913021, 0.7626985859023445, 1.1450475699382818, 1.7190722018585747, 2.5808615404180753, 3.874675120456132, 8.733261623828437], "error": [0.13318799005584991, 0.20669846673002884, 0.09208721297677651, 0.039359837823115806, 0.014013566859310642, 0.00933422148358454, 0.004141302220076799], "strain": 0.3653510570680845, "timestep": 9110000}