{"hist": [0.6282472993382666, 0.8892399723704852, 0.2787336833695615, 0.16245269433712536, 0.06183271008613686, 0.02057493011094277], "bin_edges": [0.5080218046913021, 0.7626985859023445, 1.1450475699382818, 1.7190722018585747, 2.5808615404180753, 5.817091329374361], "error": [0.22211896281211155, 0.2156723725061671, 0.09854723882786047, 0.06140134700406066, 0.03091635504306843, 0.011878941438110547], "strain": 0.5102919689008403, "timestep": 10110000}