{"hist": [0.485758221137835, 0.674075176145001, 0.32327360184614096, 0.16747700447126326, 0.1195219911458831, 0.010614901485255736, 0.010605634077805551, 0.009418999787844051, 0.0031369254899996568], "bin_edges": [0.5080218046913021, 0.7626985859023445, 1.1450475699382818, 1.7190722018585747, 2.5808615404180753, 3.874675120456132, 5.817091329374361, 8.733261623828437, 13.111339374215643], "error": [0.14022631986750142, 0.1348150352290002, 0.07619631868133543, 0.04476011220676247, 0.03086044541423704, 0.007505868821851486, 0.006123165689747704, 0.004709499893922026, 0.0022181412860556907], "strain": 0.20041829532736236, "timestep": 2210000}