{"hist": [0.41332059166991225, 0.963572725478854, 0.2521439569954915, 0.18321732444036695, 0.0610191217955298, 0.0338699159233489, 0.004003707533289036, 0.0026668080472593016], "bin_edges": [0.5080218046913021, 0.7626985859023445, 1.1450475699382818, 1.7190722018585747, 2.5808615404180753, 3.874675120456132, 13.111339374215643, 19.68419447286613], "error": [0.1461308965869155, 0.1820981286958399, 0.07602426350086845, 0.05289028579292443, 0.024910952158631285, 0.015147086879362138, 0.002831048746676342, 0.001885718054339907], "strain": 0.31037346982117714, "timestep": 5210000}