{"hist": [0.3681136519560156, 1.2259742266137206, 0.24498077639902868, 0.1269161674508792, 0.036230103566095816, 0.016088210063590725, 0.010716109432782693, 0.002109379820674092], "bin_edges": [0.5080218046913021, 0.7626985859023445, 1.1450475699382818, 1.7190722018585747, 2.5808615404180753, 3.874675120456132, 5.817091329374361, 29.55209235202888], "error": [0.15028176910745283, 0.2238312462787617, 0.08166025879967623, 0.04796980234692239, 0.02091746004665344, 0.011376082433118658, 0.007577433647857769, 0.0014915567752967138], "strain": 0.4253266067919835, "timestep": 10410000}