{"hist": [0.2533255239267204, 0.7874357756601387, 0.3371778427857599, 0.1871574819552136, 0.06648678503885684, 0.011071456387847381, 0.02581084422519702, 0.009824118058288957, 0.00654369403290251], "bin_edges": [0.5080218046913021, 0.7626985859023445, 1.1450475699382818, 1.7190722018585747, 2.5808615404180753, 3.874675120456132, 5.817091329374361, 8.733261623828437, 13.111339374215643], "error": [0.10341971207394604, 0.14881137398799818, 0.0794735796998875, 0.048323854048710486, 0.02350662828013398, 0.007828701889458, 0.009755582135499848, 0.004912059029144478, 0.003271847016451255], "strain": 0.1404427456034634, "timestep": 3410000}