{"hist": [0.3127337220157301, 1.0415356261497093, 0.1695835462978527, 0.12322581112803441, 0.07523891714021079, 0.031891673046409934, 0.015173252294205583, 0.016170672202139344, 0.0040391385734066376, 0.0011946929957800166], "bin_edges": [0.5080218046913021, 0.7626985859023445, 1.1450475699382818, 1.7190722018585747, 2.5808615404180753, 3.874675120456132, 5.817091329374361, 8.733261623828437, 13.111339374215643, 29.55209235202888], "error": [0.10424457400524335, 0.1552629640705705, 0.05113136306253099, 0.03557222761294033, 0.022685387071519902, 0.012053919396368906, 0.006785684713919664, 0.005717195985238765, 0.0023319977426505233, 0.0008447755187521211], "strain": 0.20541625780435394, "timestep": 6610000}