{"hist": [0.23559273725184998, 0.7846235050327812, 0.19162940731657355, 0.2320752776244648, 0.06183271008613686, 0.030889363322094195, 0.02057493011094277, 0.015988752139865278, 0.007607044313249167], "bin_edges": [0.5080218046913021, 0.7626985859023445, 1.1450475699382818, 1.7190722018585747, 2.5808615404180753, 3.874675120456132, 5.817091329374361, 8.733261623828437, 13.111339374215643], "error": [0.09618033222876982, 0.1432519976184075, 0.05777844026066002, 0.05189360966654392, 0.0218611643005246, 0.012610529769762109, 0.008399680044205847, 0.006043180276619334, 0.003401973638455668], "strain": 0.040483496063631795, "timestep": 6810000}