{"hist": [0.3704288321569968, 0.9869478050726807, 0.42730399573163913, 0.10946947057757775, 0.029140908794428485, 0.01294020761694514, 0.005736153158255856], "bin_edges": [0.5080218046913021, 0.7626985859023445, 1.1450475699382818, 1.7190722018585747, 3.874675120456132, 5.817091329374361, 19.68419447286613], "error": [0.16566080990578097, 0.22068823823867256, 0.11851280514008235, 0.0489562355344754, 0.01682451153689362, 0.009150108555903721, 0.003311769570031941], "strain": 0.38534290697605084, "timestep": 9710000}