{"hist": [0.4234509983284885, 0.8718038944808679, 0.324506126471916, 0.0796336736946693, 0.037887690003760334, 0.055520097474352305, 0.016809583423972853, 0.01119660513996168, 0.004474731948970099], "bin_edges": [0.5080218046913021, 0.7626985859023445, 1.1450475699382818, 1.7190722018585747, 2.5808615404180753, 3.874675120456132, 5.817091329374361, 8.733261623828437, 13.111339374215643], "error": [0.1276752798688189, 0.14951313442519792, 0.07444681115004793, 0.03009869951179444, 0.016943890071769472, 0.01673993924058046, 0.007517474241891393, 0.005007274042035572, 0.0025834876952893055], "strain": 0.10045904578753076, "timestep": 6710000}