{"hist": [0.22309918300364578, 0.8618970320435853, 0.3959285275135817, 0.17141923915443424, 0.026349166229887866, 0.029251291024710413, 0.011690301199399301, 0.0069154948302265155, 0.0023031524044512153, 0.0023011416225535548], "bin_edges": [0.5080218046913021, 0.7626985859023445, 1.1450475699382818, 1.7190722018585747, 2.5808615404180753, 3.874675120456132, 5.817091329374361, 13.111339374215643, 19.68419447286613, 29.55209235202888], "error": [0.09977298778416353, 0.16005026083913088, 0.08853231017517645, 0.04754314279787208, 0.015212698215747956, 0.013081575032176392, 0.006749398544380992, 0.0034577474151132577, 0.001628574683293556, 0.0013285647352247471], "strain": 0.5202878938548234, "timestep": 7510000}