{"hist": [0.43628284676268514, 1.089754868101085, 0.3387388513171754, 0.06446535489568467, 0.06440907300639256, 0.0190508612138359, 0.0037500085700872742], "bin_edges": [0.5080218046913021, 0.7626985859023445, 1.1450475699382818, 1.7190722018585747, 2.5808615404180753, 5.817091329374361, 29.55209235202888], "error": [0.21814142338134257, 0.28137349704026415, 0.12803125142584718, 0.04558388959833602, 0.03718659563849501, 0.013470993151747145, 0.00265165648941638], "strain": 0.07546923340257286, "timestep": 10010000}