{"hist": [0.30676137663001296, 1.144242611506139, 0.21776069013246993, 0.1269161674508792, 0.09661360950958885, 0.0047544026957807295], "bin_edges": [0.5080218046913021, 0.7626985859023445, 1.1450475699382818, 1.7190722018585747, 2.5808615404180753, 13.111339374215643], "error": [0.13718785820322485, 0.21624152782630987, 0.07699003033426599, 0.04796980234692239, 0.03415806921956969, 0.003361870386678156], "strain": 0.5402797437627898, "timestep": 10310000}