{"hist": [0.34519082381223437, 0.7760012687137395, 0.24886936015139421, 0.2040222220874416, 0.06794803306168885, 0.045259140398672806, 0.018841511090606933, 0.007530024555666536], "bin_edges": [0.5080218046913021, 0.7626985859023445, 1.1450475699382818, 1.7190722018585747, 2.5808615404180753, 3.874675120456132, 5.817091329374361, 8.733261623828437], "error": [0.12204338616050084, 0.1493415137944562, 0.0690239414552128, 0.0510055555218604, 0.024023257473103958, 0.01600152254328778, 0.00842617991948266, 0.004347461704218567], "strain": 0.3403612446831266, "timestep": 2310000}