{"hist": [0.5149568027362841, 1.1576412369336113, 0.28558779033766546, 0.1331579461779716, 0.01687943350934109, 0.011243131208165448, 0.004983870776845253], "bin_edges": [0.5080218046913021, 0.7626985859023445, 1.1450475699382818, 1.7190722018585747, 3.874675120456132, 5.817091329374361, 19.68419447286613], "error": [0.18206472361648485, 0.22278815992287726, 0.09031078894016503, 0.05032897295414808, 0.011935561897042526, 0.00795009431906389, 0.002877439134617916], "strain": 0.395338831930034, "timestep": 9510000}