{"hist": [0.0801335840992687, 0.747260480983601, 0.3021985087552644, 0.2723332339470761, 0.06309460212871108, 0.047279637737899276, 0.017495688869849296, 0.00932288754511095], "bin_edges": [0.5080218046913021, 0.7626985859023445, 1.1450475699382818, 1.7190722018585747, 2.5808615404180753, 3.874675120456132, 5.817091329374361, 8.733261623828437], "error": [0.05666300071737539, 0.1412189569477942, 0.07329390420600579, 0.05678540470474284, 0.02230731051073939, 0.015759879245966425, 0.007824309925233898, 0.004661443772555475], "strain": 0.43032456926897505, "timestep": 4210000}