{"hist": [0.09576940538693088, 0.9887531973990331, 0.191204508408998, 0.11320745249973894, 0.11310861601122596, 0.03766995527084658, 0.012545689092038275, 0.008356490665434814, 0.005566129985304268, 0.0037075136266775657, 0.0016463452258919742], "bin_edges": [0.5080218046913021, 0.7626985859023445, 1.1450475699382818, 1.7190722018585747, 2.5808615404180753, 3.874675120456132, 5.817091329374361, 8.733261623828437, 13.111339374215643, 19.68419447286613, 29.55209235202888], "error": [0.06771919597930229, 0.17758531664879273, 0.06373483613633267, 0.04002487867170969, 0.032651644950873665, 0.015378694841173303, 0.00724325697445765, 0.004824622135169385, 0.003213606645359867, 0.0021405339903864985, 0.0011641418734023132], "strain": 0.22041014523532867, "timestep": 8110000}