{"hist": [0.36431866585337624, 0.8628162254656012, 0.30531395729913313, 0.13158907494170685, 0.05577692920141212, 0.04776705668365082, 0.021211268155611102, 0.004709499893922026, 0.004705388234999485], "bin_edges": [0.5080218046913021, 0.7626985859023445, 1.1450475699382818, 1.7190722018585747, 2.5808615404180753, 3.874675120456132, 5.817091329374361, 8.733261623828437, 13.111339374215643], "error": [0.12143955528445875, 0.15252580098612692, 0.07404951146586153, 0.039675598917418134, 0.021081697651684706, 0.015922352227883605, 0.00865946396309881, 0.0033301193109895903, 0.002716657164118651], "strain": 0.5652695561477477, "timestep": 3210000}