{"hist": [0.12803953111513586, 0.6822813087241575, 0.3219071071523469, 0.21441737606608163, 0.050407100613698526, 0.04476719322042637, 0.02981873929122141, 0.00496545097511344, 0.003307410570977899, 0.0033045230150821783, 0.0014673946578602378], "bin_edges": [0.5080218046913021, 0.7626985859023445, 1.1450475699382818, 1.7190722018585747, 2.5808615404180753, 3.874675120456132, 5.817091329374361, 8.733261623828437, 13.111339374215643, 19.68419447286613, 29.55209235202888], "error": [0.07392365775623716, 0.13927008895104223, 0.07807394143683226, 0.05200385232283757, 0.020578612652782366, 0.015827592950425958, 0.0105425163796282, 0.0035111040561520684, 0.0023386924429065433, 0.0019078672523010095, 0.0010376047132498879], "strain": 0.14544070808045498, "timestep": 3110000}