{"hist": [0.18697836289829364, 0.8095321877322345, 0.26960847349734374, 0.22102407392806173, 0.06440907300639256, 0.01838652578696083, 0.01632930961185934, 0.01631505320394416, 0.0036192394927090526, 0.0016071465300374033], "bin_edges": [0.5080218046913021, 0.7626985859023445, 1.1450475699382818, 1.7190722018585747, 2.5808615404180753, 3.874675120456132, 5.817091329374361, 8.733261623828437, 19.68419447286613, 29.55209235202888], "error": [0.09348918144914682, 0.15876232392800466, 0.07477593657648053, 0.05525601848201543, 0.024344341335874008, 0.010615465612563832, 0.00816465480592967, 0.0066605925793371745, 0.002089568895377296, 0.0011364242097498772], "strain": 0.40533475688401716, "timestep": 4910000}