{"hist": [0.1549952218762171, 1.0323993487273437, 0.27506613490417253, 0.1374129933302752, 0.11186838995847131, 0.020321949554009337, 0.009024092153922268, 0.006010809075137322, 0.0026668080472593016, 0.001776319848988709], "bin_edges": [0.5080218046913021, 0.7626985859023445, 1.1450475699382818, 1.7190722018585747, 2.5808615404180753, 3.874675120456132, 5.817091329374361, 8.733261623828437, 19.68419447286613, 29.55209235202888], "error": [0.08948653307333972, 0.1884894705505362, 0.07940475351593697, 0.04580433111009174, 0.033729588672128274, 0.011732883045465287, 0.006380996756090753, 0.0042502838574472405, 0.001885718054339907, 0.00125604781077618], "strain": 0.2903816199132108, "timestep": 8810000}