{"hist": [0.5609350886948808, 0.7472604809836011, 0.17420855210597594, 0.1160376388122324, 0.13249866447029326, 0.029418441259137326, 0.01959517153423121, 0.006520323697070715, 0.002895391594167242], "bin_edges": [0.5080218046913021, 0.7626985859023445, 1.1450475699382818, 1.7190722018585747, 2.5808615404180753, 3.874675120456132, 5.817091329374361, 13.111339374215643, 19.68419447286613], "error": [0.177383249978439, 0.1670925232378521, 0.0658446435904357, 0.04385810500290047, 0.03824906979959486, 0.014709220629568663, 0.009797585767115605, 0.0037645106417072737, 0.0020473510304261848], "strain": 0.48030419403889085, "timestep": 7710000}