{"hist": [0.6655162069261298, 0.9309092432592319, 0.23621498590640805, 0.1573391712708236, 0.026200300883956296, 0.017451617696098414, 0.011624254299967668, 0.007742737113736212, 0.0034352103659611344], "bin_edges": [0.5080218046913021, 0.7626985859023445, 1.1450475699382818, 1.7190722018585747, 2.5808615404180753, 3.874675120456132, 5.817091329374361, 8.733261623828437, 19.68419447286613], "error": [0.21045470336424965, 0.2031410510652138, 0.08351460917615293, 0.05562779747593549, 0.01852641042417339, 0.012340157215586341, 0.00821958904174402, 0.005474941918067632, 0.0024290605445734395], "strain": 0.4453184566999498, "timestep": 9410000}