{"hist": [0.4908182026080207, 0.9807793812909764, 0.27997803017031847, 0.10360503465377893, 0.041405832646966644, 0.027579788680441246, 0.01837047331334176, 0.00815752660197208], "bin_edges": [0.5080218046913021, 0.7626985859023445, 1.1450475699382818, 1.7190722018585747, 2.5808615404180753, 3.874675120456132, 5.817091329374361, 8.733261623828437], "error": [0.18551184329207665, 0.21402360737227882, 0.09332601005677282, 0.046333580059414216, 0.023905668624746787, 0.01592319841884575, 0.010606197712598702, 0.005768242377964111], "strain": 0.1904223703733792, "timestep": 8710000}