{"hist": [0.40901516884001726, 0.9535355095884492, 0.23590741431017578, 0.16922155660117225, 0.06440907300639256, 0.016088210063590725, 0.017860182387971154, 0.004758557184483714, 0.003169601797187153, 0.003166834556120421], "bin_edges": [0.5080218046913021, 0.7626985859023445, 1.1450475699382818, 1.7190722018585747, 2.5808615404180753, 3.874675120456132, 5.817091329374361, 8.733261623828437, 13.111339374215643, 19.68419447286613], "error": [0.12934195310927843, 0.1611769185926804, 0.06542894450442047, 0.04522636337558291, 0.022772046146379794, 0.009288532410993353, 0.007987316382009604, 0.003364808053812399, 0.0022412469244521035, 0.001828372783455134], "strain": 0.26039384505126134, "timestep": 7810000}