{"hist": [0.26946881711812903, 1.05129293157987, 0.37574393591485006, 0.12513863009162318, 0.0681978420067686, 0.015141844765732448, 0.006723833369589141, 0.006717963083977007, 0.001323532436501391], "bin_edges": [0.5080218046913021, 0.7626985859023445, 1.1450475699382818, 1.7190722018585747, 2.5808615404180753, 3.874675120456132, 5.817091329374361, 8.733261623828437, 29.55209235202888], "error": [0.10184963945447346, 0.16418437197172925, 0.08010887630332261, 0.0377307166175447, 0.022732614002256197, 0.008742148151523155, 0.0047544681712048745, 0.003878617794940094, 0.000935878760970487], "strain": 0.17043052046541288, "timestep": 7610000}