{"hist": [0.2647109407324157, 0.8228261475999202, 0.27403592466108573, 0.23468286501350374, 0.04342184697060173, 0.02892262483342153, 0.011558949500529646, 0.012832064317708891, 0.005128344480842135], "bin_edges": [0.5080218046913021, 0.7626985859023445, 1.1450475699382818, 1.7190722018585747, 2.5808615404180753, 3.874675120456132, 5.817091329374361, 8.733261623828437, 13.111339374215643], "error": [0.10806778902108968, 0.15549952562790822, 0.07323918155354134, 0.05531528175977856, 0.019418840306971757, 0.012934591043050813, 0.006673562605680082, 0.005738673621209308, 0.0029608510665113386], "strain": 0.5152899313778319, "timestep": 3010000}