{"hist": [0.17259541190611719, 0.804742056443878, 0.24886936015139421, 0.1530166665655812, 0.07644153719439997, 0.03960174784883871, 0.03391471996309248, 0.015060049111333072, 0.003343755742087546], "bin_edges": [0.5080218046913021, 0.7626985859023445, 1.1450475699382818, 1.7190722018585747, 2.5808615404180753, 3.874675120456132, 5.817091329374361, 8.733261623828437, 13.111339374215643], "error": [0.08629770595305859, 0.15208195363608606, 0.0690239414552128, 0.04417210681606876, 0.025480512398133325, 0.014968053755930619, 0.011304906654364158, 0.006148239304003547, 0.00236439235986156], "strain": 0.3203693947751603, "timestep": 3510000}