{"hist": [0.4006679204963435, 1.040827098512873, 0.33775127449117787, 0.08288402772302314, 0.06309460212871108, 0.021013172327955233, 0.00310491604622415, 0.004136273705953202, 0.0027551083372069772], "bin_edges": [0.5080218046913021, 0.7626985859023445, 1.1450475699382818, 1.7190722018585747, 2.5808615404180753, 3.874675120456132, 13.111339374215643, 19.68419447286613, 29.55209235202888], "error": [0.12670232141317073, 0.16666572171517188, 0.07748545650311112, 0.03132721785921462, 0.02230731051073939, 0.010506586163977616, 0.0021955071913000203, 0.002068136852976601, 0.0013775541686034886], "strain": 1.0410974055976743, "timestep": 810000}