{"hist": [0.4157518892679706, 0.9846255749430979, 0.3074268566576046, 0.10921189535268933, 0.0454652280045124, 0.010739356677528237, 0.004768880272746046, 0.0015868523016784656], "bin_edges": [0.5080218046913021, 0.7626985859023445, 1.1450475699382818, 1.7190722018585747, 2.5808615404180753, 13.111339374215643, 19.68419447286613, 44.36687330978616], "error": [0.13858396308932353, 0.17405885524299192, 0.07937727306745315, 0.0386122358950611, 0.020332668086123367, 0.0043843240042825745, 0.002384440136373023, 0.0009161696035382393], "strain": 1.5179359119782885, "timestep": 1410000}