{"hist": [0.4411849012206928, 1.0285326844999003, 0.2544619300424368, 0.07822762167116791, 0.04342184697060173, 0.017353574900052918, 0.01926491583421608, 0.01025668896168427, 0.002277274287547269, 0.0010103553980724312], "bin_edges": [0.5080218046913021, 0.7626985859023445, 1.1450475699382818, 1.7190722018585747, 2.5808615404180753, 3.874675120456132, 5.817091329374361, 13.111339374215643, 19.68419447286613, 44.36687330978616], "error": [0.13951491571337898, 0.17385375488648674, 0.07057504126319511, 0.03193629281430815, 0.019418840306971757, 0.010019091139947886, 0.008615532277223843, 0.004187275734427178, 0.0016102760913464377, 0.0007144291533854497], "strain": 1.2795166587879814, "timestep": 1610000}