{"hist": [0.5262380728993212, 0.9167422395572012, 0.2334753791111018, 0.14355171811822565, 0.07171319468752986, 0.010614901485255736, 0.0031369254899996568, 0.007313102480113137, 0.002087633636955802], "bin_edges": [0.5080218046913021, 0.7626985859023445, 1.1450475699382818, 1.7190722018585747, 2.5808615404180753, 3.874675120456132, 13.111339374215643, 19.68419447286613, 29.55209235202888], "error": [0.14595218114921996, 0.1572199970244349, 0.06475441930334397, 0.04143981154909543, 0.02390439822917662, 0.007505868821851486, 0.0022181412860556907, 0.002764092924958434, 0.0012052958422657499], "strain": 0.6437319836138291, "timestep": 710000}