{"hist": [0.31903183169521354, 1.1115499654631065, 0.29397693167883443, 0.12328999123799693, 0.04347612427931498, 0.028958778114463308, 0.004286443773113077, 0.0028551343106902284, 0.0047544026957807295, 0.0025334676448963366, 0.0016875038565392735], "bin_edges": [0.5080218046913021, 0.7626985859023445, 1.1450475699382818, 1.7190722018585747, 2.5808615404180753, 3.874675120456132, 5.817091329374361, 8.733261623828437, 13.111339374215643, 19.68419447286613, 29.55209235202888], "error": [0.08848350982171461, 0.13479523281635442, 0.05657588688010509, 0.029902215085631602, 0.014492041426438326, 0.009652926038154435, 0.0030309734591431074, 0.0020188848322874394, 0.0021262335240347925, 0.0012667338224481683, 0.0008437519282696367], "strain": 1.5974089963750575, "timestep": 1510000}