{"hist": [0.4177176192408687, 0.9459999706068992, 0.24092672099762633, 0.2098553042348884, 0.04933460911127941, 0.016430512405369253, 0.004855560199946277, 0.002156142676507521, 0.0028723469898540824], "bin_edges": [0.5080218046913021, 0.7626985859023445, 1.1450475699382818, 1.7190722018585747, 2.5808615404180753, 3.874675120456132, 13.111339374215643, 19.68419447286613, 29.55209235202888], "error": [0.13209390955841202, 0.16223765650393815, 0.06682104970664218, 0.05089738737979847, 0.02014076983038274, 0.009486160760163424, 0.002803358988505416, 0.0015246231077641803, 0.0014361734949270412], "strain": 1.2000435743912123, "timestep": 1010000}