{"hist": [0.19153881077386176, 0.9568579329668063, 0.2549393445453307, 0.13443384984343998, 0.07069288500701623, 0.025113303513897716, 0.014636637274044653, 0.0027854968884782716, 0.014843013294144716, 0.0018537568133387828, 0.0008231726129459871], "bin_edges": [0.5080218046913021, 0.7626985859023445, 1.1450475699382818, 1.7190722018585747, 2.5808615404180753, 3.874675120456132, 5.817091329374361, 8.733261623828437, 13.111339374215643, 19.68419447286613, 29.55209235202888], "error": [0.06771919597930229, 0.12352982796889646, 0.05203927579130451, 0.030841240318877684, 0.018252824421835324, 0.008878893606336513, 0.005532128893911499, 0.001969643738817014, 0.003710753323536179, 0.0010702669951932493, 0.0005820709367011566], "strain": 0.325839646026753, "timestep": 1910000}