{"hist": [0.23097327181553917, 1.2000124194619006, 0.18445611399456277, 0.12286338227177548, 0.054558273605414875, 0.018170213718878937, 0.00806860004350697, 0.008061555700772409, 0.007153320409119068, 0.0023823583857025036], "bin_edges": [0.5080218046913021, 0.7626985859023445, 1.1450475699382818, 1.7190722018585747, 2.5808615404180753, 3.874675120456132, 5.817091329374361, 8.733261623828437, 19.68419447286613, 29.55209235202888], "error": [0.10329438735301637, 0.19215577327160996, 0.061485371331520926, 0.0409544607572585, 0.022273321930070325, 0.010490577781827786, 0.00570536180544585, 0.004654341353928113, 0.002920330828163121, 0.0013754552552915028], "strain": 0.4847858148202911, "timestep": 910000}