{"hist": [0.5001968943776007, 0.7829576377184865, 0.33288258364199225, 0.16999144539371627, 0.034460905302783285, 0.029512130562510376, 0.010920875855065165, 0.010659552540858706, 0.001290938927335713, 0.0005727492383977476], "bin_edges": [0.5080218046913021, 0.7626985859023445, 1.1450475699382818, 1.7190722018585747, 2.5808615404180753, 3.874675120456132, 5.817091329374361, 13.111339374215643, 19.68419447286613, 44.36687330978616], "error": [0.11184742579625975, 0.11420610916901863, 0.06077576668710646, 0.03544566663098597, 0.013024997912187367, 0.009837376854170125, 0.004883964157152369, 0.003213976019191625, 0.0009128316696167703, 0.00040499487039047784], "strain": 0.5642588992170601, "timestep": 1710000}