{"hist": [0.2617697080576111, 1.0752248031930702, 0.17420855210597594, 0.16760992272878014, 0.06011513480596639, 0.04576201973643584, 0.015240688971068719, 0.0076136914951739415, 0.0033809085836662965], "bin_edges": [0.5080218046913021, 0.7626985859023445, 1.1450475699382818, 1.7190722018585747, 2.5808615404180753, 3.874675120456132, 5.817091329374361, 8.733261623828437, 13.111339374215643], "error": [0.10686703580974424, 0.17676586877054284, 0.058069517368658646, 0.04648662851347492, 0.022721385246815738, 0.0161793172382132, 0.0076203444855343595, 0.0043957668342654395, 0.002390663386082244], "strain": 0.8821512368041362, "timestep": 210000}