{"hist": [0.26661729524386313, 0.8718038944808678, 0.3441156584809401, 0.17907043026579075, 0.05725250933901561, 0.03495709840977738, 0.014817336499650143, 0.002819885738953312, 0.0037565650929625516, 0.0012510951332821416, 0.0008333352377971721], "bin_edges": [0.5080218046913021, 0.7626985859023445, 1.1450475699382818, 1.7190722018585747, 2.5808615404180753, 3.874675120456132, 5.817091329374361, 8.733261623828437, 13.111339374215643, 19.68419447286613, 29.55209235202888], "error": [0.08038813917666375, 0.11863748318051744, 0.060831628906086704, 0.03581408605315815, 0.016527375839331112, 0.01053996174406918, 0.005600426781490654, 0.0019939603281851253, 0.0018782825464812758, 0.0008846578526532898, 0.0005892569976480845], "strain": 0.16689347723321496, "timestep": 510000}