{"hist": [0.2524207899126964, 0.7846235050327811, 0.19909548812111535, 0.2154984720798602, 0.08833244298019552, 0.04412766188870599, 0.014696378650673407, 0.009789031922366496, 0.0021715436956254316, 0.001446431877033663], "bin_edges": [0.5080218046913021, 0.7626985859023445, 1.1450475699382818, 1.7190722018585747, 2.5808615404180753, 3.874675120456132, 5.817091329374361, 8.733261623828437, 19.68419447286613, 29.55209235202888], "error": [0.08414026330423213, 0.1210700352855564, 0.04977387203027884, 0.04226272747248604, 0.02208311074504888, 0.012738558735076597, 0.0059997714601470326, 0.003996355547602305, 0.0012537413372263777, 0.000835097833569841], "strain": 1.3589897431847504, "timestep": 310000}