{"hist": [0.31729661582740737, 1.1359868928084036, 0.2991459985658173, 0.12893070979136936, 0.046842962186467316, 0.026001147577520367, 0.006927585895940327, 0.005118116454336034], "bin_edges": [0.5080218046913021, 0.7626985859023445, 1.1450475699382818, 1.7190722018585747, 2.5808615404180753, 3.874675120456132, 5.817091329374361, 19.68419447286613], "error": [0.11218129434955128, 0.1732363770698594, 0.07255356173927846, 0.03887407166656121, 0.01912355923288866, 0.011628066695267903, 0.004898542964271689, 0.0022888912617311137], "strain": 0.8026781524073672, "timestep": 610000}