{"hist": [0.2519708419805882, 1.0769342225940133, 0.3633226487771691, 0.142720090517719, 0.03306562036691811, 0.01651837610807176, 0.007335090948642699, 0.00732868700070219, 0.005695113389598307, 0.001625754638436152, 0.0007219267835462133], "bin_edges": [0.5080218046913021, 0.7626985859023445, 1.1450475699382818, 1.7190722018585747, 2.5808615404180753, 3.874675120456132, 5.817091329374361, 8.733261623828437, 13.111339374215643, 19.68419447286613, 29.55209235202888], "error": [0.07273771672271463, 0.1227280448159258, 0.05817818498426218, 0.02975919604847485, 0.011690462192793906, 0.006743598807359416, 0.0036675454743213495, 0.0029919239393814048, 0.0021525505310273176, 0.0009386298781373951, 0.0005104793241657203], "strain": 0.9616243212009052, "timestep": 1810000}