{"hist": [0.3976248729989029, 1.02630078717368, 0.24256887002097915, 0.14688308710409165, 0.048918283295994354, 0.019550229950692527, 0.0038516680067084393, 0.002565536855591227, 0.0034177293296997944], "bin_edges": [0.5080218046913021, 0.7626985859023445, 1.1450475699382818, 1.7190722018585747, 2.5808615404180753, 3.874675120456132, 13.111339374215643, 19.68419447286613, 29.55209235202888], "error": [0.140581622032982, 0.18432906285064565, 0.0731372661527342, 0.04644851050058352, 0.021876921358487168, 0.011287330524751416, 0.0027235405664228097, 0.0018141085079725688, 0.0017088646648498972], "strain": 1.4384628275815194, "timestep": 1110000}