{"hist": [0.2908552311751234, 1.065538093254394, 0.29034758684329326, 0.12893070979136934, 0.07156563667376951, 0.019067508223514933, 0.0042261357295828705, 0.0018766426999232125, 0.002500005713391516, 0.0008326076891522813], "bin_edges": [0.5080218046913021, 0.7626985859023445, 1.1450475699382818, 1.7190722018585747, 2.5808615404180753, 3.874675120456132, 13.111339374215643, 19.68419447286613, 29.55209235202888, 44.36687330978616], "error": [0.10283285315375533, 0.16063591159797944, 0.06843558251934756, 0.037219090002428304, 0.02263104140891882, 0.009533754111757466, 0.0024399606011065657, 0.0013269867789799346, 0.001250002856695758, 0.0005887425430676391], "strain": 0.7232050680105981, "timestep": 1310000}