{"hist": [0.14192333569388552, 0.8823075558601554, 0.41977964362885767, 0.09786306887778637, 0.02793646540036304, 0.04341878378607617, 0.016526048281881745, 0.008255810055007888, 0.00549906817825241, 0.0032530194824853466], "bin_edges": [0.5080218046913021, 0.7626985859023445, 1.1450475699382818, 1.7190722018585747, 2.5808615404180753, 3.874675120456132, 5.817091329374361, 8.733261623828437, 13.111339374215643, 29.55209235202888], "error": [0.08193947606715443, 0.16674045519137146, 0.09386558187247622, 0.03698876325545823, 0.016129125819106267, 0.01641075773240586, 0.008263024140940873, 0.004766494157637223, 0.0031748884930061345, 0.0016265097412426733], "strain": 0.40531273042352206, "timestep": 410000}