{"hist": [0.2560790622302717, 1.2508490659942886, 0.2840356827814825, 0.1765790155838319, 0.025203550306849263, 0.003307410570977899, 0.0033045230150821783, 0.0022010919867903565], "bin_edges": [0.5080218046913021, 0.7626985859023445, 1.1450475699382818, 1.7190722018585747, 2.5808615404180753, 13.111339374215643, 19.68419447286613, 29.55209235202888], "error": [0.10454383937909763, 0.18857259187588887, 0.07333769794275563, 0.04719272700060825, 0.014551276554193698, 0.0023386924429065433, 0.0019078672523010095, 0.0012708010510845407], "strain": 0.246366561629984, "timestep": 1210000}