{"hist": [0.3099904437524342, 0.9463660696667315, 0.2521439569954915, 0.14504704851529052, 0.08135882906070639, 0.01693495796167445, 0.006768069115441701, 0.013012049483189365, 0.0026668080472593016, 0.0008881599244943545], "bin_edges": [0.5080218046913021, 0.7626985859023445, 1.1450475699382818, 1.7190722018585747, 2.5808615404180753, 3.874675120456132, 5.817091329374361, 13.111339374215643, 19.68419447286613, 29.55209235202888], "error": [0.08948653307333972, 0.1276079748018379, 0.05375727225617702, 0.03327607508089435, 0.020339707265176598, 0.007573543439681069, 0.0039075465256942585, 0.003608893200808766, 0.0013334040236296508, 0.00062802390538809], "strain": 1.1205704899944433, "timestep": 2010000}