{"hist": [0.23942351346732718, 0.9249626685345793, 0.16995956303022045, 0.19811304187454312, 0.07540574400748398, 0.03766995527084658, 0.012545689092038275, 0.013927484442391357, 0.003710753323536179], "bin_edges": [0.5080218046913021, 0.7626985859023445, 1.1450475699382818, 1.7190722018585747, 2.5808615404180753, 3.874675120456132, 5.817091329374361, 8.733261623828437, 13.111339374215643], "error": [0.10707345030495599, 0.17176125553467705, 0.060089779773085654, 0.052947937610438534, 0.026659956464054394, 0.015378694841173303, 0.00724325697445765, 0.006228560393751565, 0.0026238988383829507], "strain": 0.32073630883215015, "timestep": 8710000}