{"hist": [0.4649856656286513, 0.6882662324848957, 0.3209104907215346, 0.12214488296024464, 0.0915286826932947, 0.013547966369339559, 0.018048184307844536, 0.009016213612705984, 0.004003707533289036, 0.004000212070888953], "bin_edges": [0.5080218046913021, 0.7626985859023445, 1.1450475699382818, 1.7190722018585747, 2.5808615404180753, 3.874675120456132, 5.817091329374361, 8.733261623828437, 13.111339374215643, 19.68419447286613], "error": [0.1549952218762171, 0.15390100824539008, 0.08576693629296288, 0.04318473751421308, 0.0305095608977649, 0.009579858891047292, 0.009024092153922268, 0.005205513356366968, 0.002831048746676342, 0.0023095235159433275], "strain": 0.21082667029153795, "timestep": 10210000}