{"hist": [0.3704288321569968, 0.9376004148190465, 0.26295630506562406, 0.2189389411551555, 0.04374955902321004, 0.01942727252961899, 0.012928910086144428], "bin_edges": [0.5080218046913021, 0.7626985859023445, 1.1450475699382818, 1.7190722018585747, 2.5808615404180753, 3.874675120456132, 8.733261623828437], "error": [0.16566080990578097, 0.2151002872430547, 0.09296909323383062, 0.06923457225558675, 0.025258819678977737, 0.01373715614565272, 0.007464509718563954], "strain": 0.43064594737276235, "timestep": 710000}