{"hist": [0.35695869280583326, 0.7781390132556506, 0.24475581700839596, 0.1150786500617181, 0.10220282658865597, 0.012764199719873633, 0.03117413653173147, 0.01698922895617326, 0.0025147253928096422, 0.002512529895764962], "bin_edges": [0.5080218046913021, 0.7626985859023445, 1.1450475699382818, 1.7190722018585747, 2.5808615404180753, 3.874675120456132, 5.817091329374361, 8.733261623828437, 13.111339374215643, 19.68419447286613], "error": [0.10762709542660766, 0.12968983554260843, 0.05936200505940965, 0.03322034479555584, 0.025550706647163992, 0.007369414144259188, 0.009399355821733136, 0.0056630763187244205, 0.0017781793780777023, 0.0014506098116668833], "strain": 0.40067059140714084, "timestep": 1710000}