{"hist": [0.3817474909173495, 0.7991535699407956, 0.5806951736865865, 0.096698032343527, 0.06440907300639256, 0.0143006311676362, 0.014288145910376924], "bin_edges": [0.5080218046913021, 0.7626985859023445, 1.1450475699382818, 1.7190722018585747, 2.5808615404180753, 3.874675120456132, 5.817091329374361], "error": [0.14428698922717076, 0.17038011358952104, 0.11853390596908249, 0.039476806395464234, 0.026294893945221914, 0.01011207327388325, 0.008249264887576768], "strain": 0.23081024093528563, "timestep": 6910000}