{"hist": [0.3739567257965873, 1.079376250309646, 0.30417366240725957, 0.14734938261870784, 0.036805184575081466, 0.010886206407906229, 0.014502269514617033], "bin_edges": [0.5080218046913021, 0.7626985859023445, 1.1450475699382818, 1.7190722018585747, 2.5808615404180753, 5.817091329374361, 8.733261623828437], "error": [0.15266719401392034, 0.2116830985706729, 0.09171180993755558, 0.052095873826669754, 0.02124948322199715, 0.007697710372426941, 0.0072511347573085165], "strain": 0.6504652244539867, "timestep": 9110000}