{"hist": [0.21814142338134257, 0.8718038944808678, 0.3548692728084695, 0.12893070979136934, 0.057252509339015614, 0.038135016447029865, 0.01691931443371987], "bin_edges": [0.5080218046913021, 0.7626985859023445, 1.1450475699382818, 1.7190722018585747, 2.5808615404180753, 3.874675120456132, 8.733261623828437], "error": [0.12594400951062626, 0.20548614855075434, 0.10699711159381486, 0.05263574186061898, 0.028626254669507807, 0.019067508223514933, 0.008459657216859935], "strain": 0.3107445235102763, "timestep": 6310000}