{"hist": [0.43628284676268514, 0.9444542190209402, 0.36293448355411656, 0.08058169361960583, 0.08587876400852341, 0.0214509467514543, 0.0190508612138359], "bin_edges": [0.5080218046913021, 0.7626985859023445, 1.1450475699382818, 1.7190722018585747, 2.5808615404180753, 3.874675120456132, 5.817091329374361], "error": [0.15424927973063302, 0.18522271124933878, 0.0937092807046322, 0.036037228935099946, 0.030362728195173057, 0.012384709881324469, 0.00952543060691795], "strain": 0.05095810514155656, "timestep": 5910000}