{"hist": [0.2760852389670117, 0.9399135737371856, 0.2858109057988668, 0.19943969170852446, 0.04830680475479442, 0.03217642012718145, 0.013395136790978366, 0.0071378357767255705, 0.003565802021835547, 0.001054689910337046], "bin_edges": [0.5080218046913021, 0.7626985859023445, 1.1450475699382818, 1.7190722018585747, 2.5808615404180753, 3.874675120456132, 5.817091329374361, 8.733261623828437, 13.111339374215643, 29.55209235202888], "error": [0.0920284129890039, 0.1385826959283508, 0.06236905286986668, 0.04252068514199951, 0.017079034609784844, 0.011376082433118658, 0.0059904872865072034, 0.0035689178883627853, 0.002058716757183665, 0.0007457783876483569], "strain": 0.9901859253976971, "timestep": 3210000}