{"hist": [0.21035065826058033, 0.9807793812909764, 0.37330404022709135, 0.1657680554460463, 0.041405832646966644, 0.02449396441778901, 0.002410719795056105], "bin_edges": [0.5080218046913021, 0.7626985859023445, 1.1450475699382818, 1.7190722018585747, 2.5808615404180753, 5.817091329374361, 29.55209235202888], "error": [0.12144600917096104, 0.21402360737227882, 0.10776359405734304, 0.058607858055003466, 0.023905668624746787, 0.012246982208894506, 0.0017046363146248158], "strain": 0.6704487950977344, "timestep": 4010000}