{"hist": [0.27651729724395535, 0.9209196068459872, 0.26990057368531484, 0.1634332941017358, 0.0870883240649815, 0.014502048508025443, 0.024148979003453957, 0.012868210977758775], "bin_edges": [0.5080218046913021, 0.7626985859023445, 1.1450475699382818, 1.7190722018585747, 2.5808615404180753, 3.874675120456132, 5.817091329374361, 8.733261623828437], "error": [0.12366229471839987, 0.18418392136919742, 0.08137808487416905, 0.05168214548656476, 0.030790372254260005, 0.010254496841121044, 0.010799751727787636, 0.006434105488879387], "strain": 0.2807691675446548, "timestep": 7610000}