{"hist": [0.18477861745243135, 0.9846255749430979, 0.36891222798912554, 0.163817843029034, 0.054558273605414875, 0.012113475812585957, 0.012102900065260453, 0.010748740934363211, 0.0035797855591760785], "bin_edges": [0.5080218046913021, 0.7626985859023445, 1.1450475699382818, 1.7190722018585747, 2.5808615404180753, 3.874675120456132, 5.817091329374361, 8.733261623828437, 13.111339374215643], "error": [0.09238930872621567, 0.17405885524299192, 0.08695344602458278, 0.047290137885438316, 0.022273321930070325, 0.008565520890818754, 0.006987612610653262, 0.005374370467181606, 0.0025312906440870817], "strain": 0.6005062978446175, "timestep": 1010000}