{"hist": [0.26894148088110725, 0.7165511461486586, 0.21477766697997036, 0.23843350440869676, 0.042351171291874566, 0.042314196331635884, 0.037579781024553005, 0.006257828626170363, 0.004168243459314612], "bin_edges": [0.5080218046913021, 0.7626985859023445, 1.1450475699382818, 1.7190722018585747, 2.5808615404180753, 3.874675120456132, 5.817091329374361, 8.733261623828437, 13.111339374215643], "error": [0.12027428664392316, 0.1602257072143787, 0.07159255565999012, 0.06156326611685035, 0.021175585645937283, 0.017274698314742615, 0.013286458998983485, 0.00442495305706836, 0.002947393215717835], "strain": 0.16086774368216877, "timestep": 4510000}