{"hist": [1.1208907214754016, 0.2212172090234615, 0.14734938261870784, 0.061341974291802444, 0.040858946193246294, 0.0072511347573085165, 0.004829869405237566, 0.0032171017712969356], "bin_edges": [0.7626985859023445, 1.1450475699382818, 1.7190722018585747, 2.5808615404180753, 3.874675120456132, 8.733261623828437, 13.111339374215643, 19.68419447286613], "error": [0.21571551992532564, 0.07821209430782576, 0.052095873826669754, 0.027432964878102956, 0.018272676235420993, 0.005127326558190322, 0.00341523340868892, 0.0022748344782513165], "strain": 0.19084309964779028, "timestep": 6410000}