{"hist": [0.35163095112216414, 0.8587918960557803, 0.20801021146982202, 0.1731905056898991, 0.05767976687139633, 0.038419606122007705, 0.030708850911854883, 0.006818231189708007, 0.0020149299779573413], "bin_edges": [0.5080218046913021, 0.7626985859023445, 1.1450475699382818, 1.7190722018585747, 2.5808615404180753, 3.874675120456132, 5.817091329374361, 8.733261623828437, 29.55209235202888], "error": [0.1435527346698057, 0.1830950474394853, 0.07354271554317945, 0.05476764670964325, 0.02579517593015651, 0.01718177019151526, 0.012536835886874398, 0.0048212175099401535, 0.0014247706510296966], "strain": 0.37069523544151933, "timestep": 5010000}