{"hist": [0.38712421614153747, 1.1051035282151846, 0.29443698947488894, 0.13074663528138863, 0.05443020254061343, 0.04350614552407633, 0.0042856587680277], "bin_edges": [0.5080218046913021, 0.7626985859023445, 1.1450475699382818, 1.7190722018585747, 2.5808615404180753, 3.874675120456132, 13.111339374215643], "error": [0.14631920034304638, 0.20176337692733448, 0.08499663756635507, 0.0462259162123971, 0.024341926581978677, 0.01776130953487621, 0.0030304183767239715], "strain": 0.7403912923508512, "timestep": 8310000}