{"hist": [0.13310324138522597, 1.3298703475131883, 0.20668811266810705, 0.09833698204426475, 0.05240060176791259, 0.052354853088295246, 0.011624254299967668, 0.007742737113736212], "bin_edges": [0.5080218046913021, 0.7626985859023445, 1.1450475699382818, 1.7190722018585747, 2.5808615404180753, 3.874675120456132, 5.817091329374361, 8.733261623828437], "error": [0.09411820458140319, 0.24279999596340252, 0.07812076358187287, 0.04397763531063044, 0.026200300883956296, 0.021373779270783235, 0.00821958904174402, 0.005474941918067632], "strain": 0.35071166479777166, "timestep": 6610000}