{"hist": [0.6655162069261298, 0.8422512200916858, 0.17716123942980605, 0.1573391712708236, 0.039300451325934446, 0.029060635749919166, 0.007742737113736212, 0.0022881408224261334], "bin_edges": [0.5080218046913021, 0.7626985859023445, 1.1450475699382818, 1.7190722018585747, 2.5808615404180753, 5.817091329374361, 8.733261623828437, 29.55209235202888], "error": [0.21045470336424965, 0.19322568176071012, 0.07232577313367745, 0.05562779747593549, 0.022690126152302037, 0.012996311401235966, 0.005474941918067632, 0.0016179598918472826], "strain": 0.7703666483164727, "timestep": 9810000}