{"hist": [0.23797246187055554, 0.9312450691045635, 0.18476664617300478, 0.19339606468705403, 0.11125203519285988, 0.031201377093024438, 0.015587068265865735, 0.003460768861442701, 0.0023031524044512153, 0.001022729610023802], "bin_edges": [0.5080218046913021, 0.7626985859023445, 1.1450475699382818, 1.7190722018585747, 2.5808615404180753, 3.874675120456132, 5.817091329374361, 8.733261623828437, 19.68419447286613, 29.55209235202888], "error": [0.08413597076216346, 0.13583605408739338, 0.049380963320190756, 0.041232179531635896, 0.02552296729836351, 0.011031352662418092, 0.006363393972883217, 0.002447133130045381, 0.001329725660694643, 0.0007231790425681037], "strain": 0.6104980831664913, "timestep": 2310000}