{"hist": [0.390054200748096, 1.0045952161567615, 0.2884247551423443, 0.1613768486792636, 0.02559300914161294, 0.017047110001155736, 0.022709635884042793, 0.009075923636631188, 0.0020151110763573952, 0.0013422345138523637, 0.0008940417782989528], "bin_edges": [0.5080218046913021, 0.7626985859023445, 1.1450475699382818, 1.7190722018585747, 2.5808615404180753, 3.874675120456132, 5.817091329374361, 8.733261623828437, 13.111339374215643, 19.68419447286613, 29.55209235202888], "error": [0.10071156157437469, 0.13190981430148627, 0.05768495102846886, 0.0352153154517219, 0.011445541637884015, 0.007623699356500148, 0.007181417422666671, 0.0037052303090352495, 0.0014248987069364369, 0.0009491031266876353, 0.0006321830040992693], "strain": 0.2208184556134118, "timestep": 1910000}