{"hist": [0.3020419708357051, 0.7041492993883932, 0.30151480172188144, 0.22314930540813924, 0.10404542562571106, 0.019800873924419354, 0.013177542972416438], "bin_edges": [0.5080218046913021, 0.7626985859023445, 1.1450475699382818, 1.7190722018585747, 2.5808615404180753, 3.874675120456132, 8.733261623828437], "error": [0.15102098541785255, 0.18819181624630552, 0.10050493390729381, 0.07056600633742496, 0.03932547446564263, 0.01400133222537681, 0.007608057982382492], "strain": 0.5205720152696268, "timestep": 810000}