{"hist": [0.2212138377951643, 0.9945931753936661, 0.34350982105403705, 0.13074663528138863, 0.05443020254061343, 0.019319183202763164, 0.01608526372219847, 0.0042856587680277], "bin_edges": [0.5080218046913021, 0.7626985859023445, 1.1450475699382818, 1.7190722018585747, 2.5808615404180753, 5.817091329374361, 8.733261623828437, 13.111339374215643], "error": [0.11060691889758215, 0.1914095458492326, 0.09180686138401661, 0.0462259162123971, 0.024341926581978677, 0.009659591601381582, 0.007193548623769414, 0.0030304183767239715], "strain": 0.8503009308914634, "timestep": 7710000}