{"hist": [0.21574426488264647, 0.9484459950945706, 0.3063007509555621, 0.2040222220874416, 0.05945452892897775, 0.02828696274917051, 0.010040032740888714, 0.005015633613131319], "bin_edges": [0.5080218046913021, 0.7626985859023445, 1.1450475699382818, 1.7190722018585747, 2.5808615404180753, 3.874675120456132, 8.733261623828437, 13.111339374215643], "error": [0.09648376840666363, 0.16510325562663214, 0.07657518773889052, 0.0510055555218604, 0.02247169969465293, 0.012650314316829918, 0.005020016370444357, 0.0028957774166979027], "strain": 0.7603748629945989, "timestep": 4210000}