{"hist": [0.8376630657843555, 0.9066760502601026, 0.20905026252717115, 0.10830179622475024, 0.04122180672409124, 0.02059290888139613, 0.009144413382641232, 0.012181906392278306, 0.0018000041136418917], "bin_edges": [0.5080218046913021, 0.7626985859023445, 1.1450475699382818, 1.7190722018585747, 2.5808615404180753, 3.874675120456132, 5.817091329374361, 8.733261623828437, 29.55209235202888], "error": [0.20941576644608886, 0.17781380279936523, 0.06968342084239039, 0.04093423133604044, 0.02061090336204562, 0.011889321486071492, 0.0064660767128386296, 0.006090953196139153, 0.0012727951149198624], "strain": 0.12090060239467341, "timestep": 10010000}