{"hist": [0.21614012591912843, 0.8638056936140709, 0.23973653959537974, 0.20226744380113906, 0.07090907119969823, 0.02833886543311394, 0.018876082670589697, 0.008382045682760303, 0.0041873638421555046, 0.0018578024108689248], "bin_edges": [0.5080218046913021, 0.7626985859023445, 1.1450475699382818, 1.7190722018585747, 2.5808615404180753, 3.874675120456132, 5.817091329374361, 8.733261623828437, 13.111339374215643, 29.55209235202888], "error": [0.08823883690712828, 0.14396761560234514, 0.06189970835535338, 0.046403334057760925, 0.022423417175809472, 0.011569293366754227, 0.007706128480922794, 0.004191022841380151, 0.0024175756414633862, 0.0010726027220163096], "strain": 0.9102516428227064, "timestep": 3010000}