{"hist": [0.2533255239267204, 0.9842947195751734, 0.1873210237698666, 0.17468031649153265, 0.06648678503885684, 0.03875009735746583, 0.022123580764454594, 0.004912059029144478, 0.004907770524676882], "bin_edges": [0.5080218046913021, 0.7626985859023445, 1.1450475699382818, 1.7190722018585747, 2.5808615404180753, 3.874675120456132, 5.817091329374361, 8.733261623828437, 13.111339374215643], "error": [0.10341971207394604, 0.16637617403115398, 0.05923610887473191, 0.046685278323182366, 0.02350662828013398, 0.014646160126770821, 0.009031914026027793, 0.0034733502490966696, 0.002833502633543109], "strain": 1.000177710719571, "timestep": 4710000}