{"hist": [0.32126282352525, 1.1650470226244325, 0.31674282201086534, 0.09493988630091742, 0.07026444327970098, 0.023401032819768332, 0.00935224095951944, 0.004152922633731241, 0.0027661979320906063], "bin_edges": [0.5080218046913021, 0.7626985859023445, 1.1450475699382818, 1.7190722018585747, 2.5808615404180753, 3.874675120456132, 5.817091329374361, 8.733261623828437, 13.111339374215643], "error": [0.10708760784174999, 0.1664352889463475, 0.07082584814014115, 0.031646628766972475, 0.02221956792875666, 0.010465260025741115, 0.005399518835504794, 0.002936559756054457, 0.0019559973158854724], "strain": 0.690432365741482, "timestep": 5710000}