{"hist": [0.12081678833428204, 0.8852162620882659, 0.26801315708611684, 0.12496361102855798, 0.0713454347147733, 0.023761048709303227, 0.015826869316109823, 0.0140560458372442, 0.004681258038922565, 0.004677171036731698, 0.001383409698899175], "bin_edges": [0.5080218046913021, 0.7626985859023445, 1.1450475699382818, 1.7190722018585747, 2.5808615404180753, 3.874675120456132, 5.817091329374361, 8.733261623828437, 13.111339374215643, 19.68419447286613, 44.36687330978616], "error": [0.0854303703123506, 0.18872874120685407, 0.08475320192846258, 0.04723180538773897, 0.029126651754707345, 0.013718447868544028, 0.009137647260085036, 0.0070280229186221, 0.0033101493038061843, 0.0027003659571029673, 0.0009782183792508465], "strain": 0.7903502189602204, "timestep": 9410000}