{"hist": [0.18923111425851405, 1.1028844448251942, 0.33582371490308616, 0.15378482252223574, 0.04656077566727174, 0.012405366796021763, 0.012394536211411308, 0.005503873370005259, 0.00549906817825241], "bin_edges": [0.5080218046913021, 0.7626985859023445, 1.1450475699382818, 1.7190722018585747, 2.5808615404180753, 3.874675120456132, 5.817091329374361, 8.733261623828437, 13.111339374215643], "error": [0.09461555712925702, 0.18642149620358214, 0.08395592872577154, 0.04636786861433204, 0.020822611895427546, 0.008771918984573423, 0.007155988818138883, 0.0038918261827227746, 0.0031748884930061345], "strain": 0.45062951801651, "timestep": 7810000}