{"hist": [0.3830776215477235, 0.8930674041023524, 0.2336943991665531, 0.18396211031207577, 0.07540574400748398, 0.03766995527084658, 0.012545689092038275, 0.005570993776956543, 0.0016463452258919742], "bin_edges": [0.5080218046913021, 0.7626985859023445, 1.1450475699382818, 1.7190722018585747, 2.5808615404180753, 3.874675120456132, 5.817091329374361, 8.733261623828437, 29.55209235202888], "error": [0.13543839195860458, 0.1687738753766321, 0.07046151251300004, 0.05102190934405784, 0.026659956464054394, 0.015378694841173303, 0.00724325697445765, 0.003939287477634028, 0.0011641418734023132], "strain": 0.0909252464290519, "timestep": 6510000}