{"hist": [0.5022325794128585, 1.0644117316336177, 0.34436574253506874, 0.12143473829187111, 0.07189850010015914, 0.011972621442672167, 0.005311877787330657], "bin_edges": [0.5080218046913021, 0.7626985859023445, 1.1450475699382818, 1.7190722018585747, 2.5808615404180753, 3.874675120456132, 8.733261623828437], "error": [0.15142882030952942, 0.17991842075461997, 0.08352096060684382, 0.04047824609729037, 0.025419958488982094, 0.008465921810692955, 0.0037560648042557006], "strain": 0.4106623767290147, "timestep": 8210000}