{"hist": [0.35695869280583326, 0.7812268664828556, 0.24886936015139421, 0.15069823222367845, 0.060226665668315124, 0.060174084393689986, 0.013360344227884915, 0.014831866549040148, 0.0017532507600408035], "bin_edges": [0.5080218046913021, 0.7626985859023445, 1.1450475699382818, 1.7190722018585747, 2.5808615404180753, 3.874675120456132, 5.817091329374361, 8.733261623828437, 29.55209235202888], "error": [0.1349177042124194, 0.16289706231031723, 0.07503693540345457, 0.047654965318780496, 0.024587433299428283, 0.020058028131229994, 0.007713598336435419, 0.006633012367371798, 0.0012397355015453205], "strain": 0.20083488496966412, "timestep": 3810000}