{"hist": [0.35294792097655425, 0.7640528513427831, 0.3719058977543307, 0.13037936945194653, 0.10421243272944414, 0.023138099866737222, 0.023117899001059292, 0.005132825727083556], "bin_edges": [0.5080218046913021, 0.7626985859023445, 1.1450475699382818, 1.7190722018585747, 2.5808615404180753, 3.874675120456132, 5.817091329374361, 8.733261623828437], "error": [0.1247859341641076, 0.1498430922466561, 0.08532106446409987, 0.04122957673647301, 0.03008353804462517, 0.011569049933368611, 0.009437842746298703, 0.0036294558782695536], "strain": 0.9702023547539494, "timestep": 5310000}