{"hist": [0.7408576643139936, 0.9869478050726807, 0.09860861439960902, 0.0875755764620622, 0.04374955902321004, 0.03885454505923798, 0.01294020761694514, 0.017238546781525907, 0.0016966345363857807], "bin_edges": [0.5080218046913021, 0.7626985859023445, 1.1450475699382818, 1.7190722018585747, 2.5808615404180753, 3.874675120456132, 5.817091329374361, 8.733261623828437, 44.36687330978616], "error": [0.23427976412246662, 0.22068823823867256, 0.05693171006803028, 0.0437877882310311, 0.025258819678977737, 0.01942727252961899, 0.009150108555903721, 0.008619273390762953, 0.0011997017858736796], "strain": 0.7004241510633559, "timestep": 9510000}