{"hist": [0.32721213507201385, 0.891617619355433, 0.2507547340919351, 0.22855898553924567, 0.05855370273308415, 0.02730120495639638, 0.012989223554888112, 0.006921537722885402, 0.0034577474151132577, 0.001022729610023802], "bin_edges": [0.5080218046913021, 0.7626985859023445, 1.1450475699382818, 1.7190722018585747, 2.5808615404180753, 3.874675120456132, 5.817091329374361, 8.733261623828437, 13.111339374215643, 29.55209235202888], "error": [0.0986581708077237, 0.13291450712101868, 0.05752708134321886, 0.04482410489506096, 0.018516306607297216, 0.01031888554386126, 0.0058089573687342575, 0.003460768861442701, 0.0019963314009053723, 0.0007231790425681037], "strain": 0.08093346110717807, "timestep": 2810000}