{"hist": [0.44692389180567743, 0.8505403848593833, 0.3399191260604409, 0.16037722437463015, 0.031419060003118324, 0.03766995527084658, 0.01951551636539287, 0.003713995851304362, 0.003710753323536179], "bin_edges": [0.5080218046913021, 0.7626985859023445, 1.1450475699382818, 1.7190722018585747, 2.5808615404180753, 3.874675120456132, 5.817091329374361, 8.733261623828437, 13.111339374215643], "error": [0.11944543436431934, 0.13448224290559216, 0.06938570105507268, 0.03889719035529314, 0.014051030791223464, 0.01255665175694886, 0.007376171858548665, 0.0026261916517560185, 0.0021424044302399115], "strain": 0.6404734391321129, "timestep": 1610000}