{"hist": [0.42679843705045284, 0.710709696587664, 0.26509997059605034, 0.20180458923866507, 0.050407100613698526, 0.050363092372979666, 0.01489635292534032, 0.0033045230150821783], "bin_edges": [0.5080218046913021, 0.7626985859023445, 1.1450475699382818, 1.7190722018585747, 2.5808615404180753, 3.874675120456132, 8.733261623828437, 19.68419447286613], "error": [0.13496551628794273, 0.1421419393175328, 0.0708509473724476, 0.05045114730966627, 0.020578612652782366, 0.01678769745765989, 0.006081410615916551, 0.0019078672523010095], "strain": 1.0401448520070664, "timestep": 3610000}