{"hist": [0.3099904437524342, 0.8259194789818748, 0.30562903878241393, 0.18321732444036695, 0.07457892663898087, 0.027095932738679118, 0.018048184307844536, 0.01001801512522887], "bin_edges": [0.5080218046913021, 0.7626985859023445, 1.1450475699382818, 1.7190722018585747, 2.5808615404180753, 3.874675120456132, 5.817091329374361, 8.733261623828437], "error": [0.10333014791747806, 0.13765324649697913, 0.06834073066153971, 0.04318473751421308, 0.022486392448085517, 0.011061868219089568, 0.007368140389654251, 0.004480192563926564], "strain": 0.8802762868570849, "timestep": 1410000}