{"hist": [0.4177176192408687, 0.8068823278705904, 0.2038610716133761, 0.2098553042348884, 0.04111217425939951, 0.04929153721610776, 0.014592149014853029, 0.01457940924607776, 0.0014361734949270412], "bin_edges": [0.5080218046913021, 0.7626985859023445, 1.1450475699382818, 1.7190722018585747, 2.5808615404180753, 3.874675120456132, 5.817091329374361, 8.733261623828437, 29.55209235202888], "error": [0.13209390955841202, 0.14983428674301613, 0.06146642580921279, 0.05089738737979847, 0.018385923269366874, 0.016430512405369253, 0.0072960745074265145, 0.005952018900684284, 0.0010155280172232945], "strain": 0.07094167578530423, "timestep": 5410000}