{"hist": [0.3999259428657947, 0.7749367950941048, 0.24195632236941103, 0.15041916142326422, 0.11450501867803123, 0.03336813939115114, 0.015875717678196583, 0.004229828608429968, 0.002817423819721914, 0.0018750042850436371], "bin_edges": [0.5080218046913021, 0.7626985859023445, 1.1450475699382818, 1.7190722018585747, 2.5808615404180753, 3.874675120456132, 5.817091329374361, 8.733261623828437, 13.111339374215643, 29.55209235202888], "error": [0.12058220876499563, 0.1369907657005029, 0.06247285380308813, 0.040201211889407035, 0.028626254669507807, 0.012611971220274876, 0.007099836784008538, 0.002990940492277688, 0.00199221948840187, 0.0010825342287016457], "strain": 0.3407198794758978, "timestep": 2210000}