{"hist": [0.32721213507201385, 0.8718038944808678, 0.37330404022709135, 0.13814004620503859, 0.0828116652939333, 0.01838652578696083, 0.02449396441778901], "bin_edges": [0.5080218046913021, 0.7626985859023445, 1.1450475699382818, 1.7190722018585747, 2.5808615404180753, 3.874675120456132, 5.817091329374361], "error": [0.12367456219471779, 0.16475544977242657, 0.08798860609630402, 0.04368371820888212, 0.0276038884313111, 0.010615465612563832, 0.009999619100245055], "strain": 0.46062130333838386, "timestep": 1310000}