{"hist": [0.24799235500194733, 0.8534501282812708, 0.3850925888658416, 0.1710028361443425, 0.06508706324856511, 0.02709593273867912, 0.010828910584706721, 0.009617294520219716, 0.0021334464378074416], "bin_edges": [0.5080218046913021, 0.7626985859023445, 1.1450475699382818, 1.7190722018585747, 2.5808615404180753, 3.874675120456132, 5.817091329374361, 8.733261623828437, 19.68419447286613], "error": [0.10124245497765244, 0.15328416805474743, 0.08403409228782037, 0.045702430358483793, 0.023011751895289055, 0.012117669503489711, 0.0062520744411108135, 0.004808647260109858, 0.0015085744434719258], "strain": 0.6204898684883652, "timestep": 8510000}