{"hist": [0.34519082381223437, 0.57481575460277, 0.28715695402083946, 0.2040222220874416, 0.07644153719439997, 0.03960174784883871, 0.026378115526849703, 0.010040032740888714, 0.003343755742087546, 0.0022272243032055708], "bin_edges": [0.5080218046913021, 0.7626985859023445, 1.1450475699382818, 1.7190722018585747, 2.5808615404180753, 3.874675120456132, 5.817091329374361, 8.733261623828437, 13.111339374215643, 19.68419447286613], "error": [0.12204338616050084, 0.12853271018296314, 0.07414360671135735, 0.0510055555218604, 0.025480512398133325, 0.014968053755930619, 0.009969990534082263, 0.005020016370444357, 0.00236439235986156, 0.0015748854080201422], "strain": 0.8103337896039681, "timestep": 8610000}