{"hist": [0.3183685638538513, 0.8482416270624661, 0.28250035476644747, 0.12544609601322423, 0.10444714541577173, 0.020871191433847427, 0.013901979804691062, 0.006173263374465358, 0.0061678737674993244], "bin_edges": [0.5080218046913021, 0.7626985859023445, 1.1450475699382818, 1.7190722018585747, 2.5808615404180753, 3.874675120456132, 5.817091329374361, 8.733261623828437, 13.111339374215643], "error": [0.12997342193077002, 0.17314659707426872, 0.08155082793528662, 0.044351892582164786, 0.03302908746166531, 0.012049987992640024, 0.008026311782507126, 0.0043651563941350035, 0.0035610235799933662], "strain": 0.510580229947753, "timestep": 8810000}