{"hist": [0.5497163869209832, 0.9415482060393373, 0.17420855210597594, 0.09283011104978593, 0.06183271008613686, 0.08237163552558452, 0.013716620073961848], "bin_edges": [0.5080218046913021, 0.7626985859023445, 1.1450475699382818, 1.7190722018585747, 2.5808615404180753, 3.874675120456132, 5.817091329374361], "error": [0.20777326448712588, 0.2219250404348147, 0.07790843295415527, 0.046415055524892966, 0.03091635504306843, 0.029122771028783766, 0.009699115069257944], "strain": 0.9402269987883279, "timestep": 7110000}