{"hist": [0.3099904437524342, 0.6882662324848957, 0.3209104907215346, 0.19848543481039754, 0.0508492681629415, 0.04741788229268845, 0.027072276461766805, 0.009016213612705984], "bin_edges": [0.5080218046913021, 0.7626985859023445, 1.1450475699382818, 1.7190722018585747, 2.5808615404180753, 3.874675120456132, 5.817091329374361, 8.733261623828437], "error": [0.12655306872206554, 0.15390100824539008, 0.08576693629296288, 0.05504995481858872, 0.022740484043690605, 0.017922274891969556, 0.011052210584481376, 0.005205513356366968], "strain": 0.9302352134664541, "timestep": 8410000}