{"hist": [0.23694671850042381, 0.7440395306345338, 0.3153775512263358, 0.15004867087788676, 0.09994511328578157, 0.02662876148456396, 0.02956168119388329, 0.005907174435910816, 0.003934678093059914, 0.0017472190654457495], "bin_edges": [0.5080218046913021, 0.7626985859023445, 1.1450475699382818, 1.7190722018585747, 2.5808615404180753, 3.874675120456132, 5.817091329374361, 8.733261623828437, 13.111339374215643, 19.68419447286613], "error": [0.08955744158927839, 0.12952065743123728, 0.06882102385640462, 0.03874240022870755, 0.025805717286043042, 0.010871146353243197, 0.009348224403643683, 0.003410508750723186, 0.002271687456202665, 0.0012354704493951116], "strain": 0.5805227272008698, "timestep": 2010000}