{"hist": [0.3356021898174501, 0.804742056443878, 0.35735087611482247, 0.21819043195462506, 0.05284847015909133, 0.017600776821706094, 0.01758541035123314, 0.0039044571770122777, 0.005201397821025072], "bin_edges": [0.5080218046913021, 0.7626985859023445, 1.1450475699382818, 1.7190722018585747, 2.5808615404180753, 3.874675120456132, 5.817091329374361, 8.733261623828437, 13.111339374215643], "error": [0.10612673075633103, 0.13412367607397965, 0.07294394213481999, 0.04651835639466614, 0.01868475581241419, 0.008800388410853047, 0.00717921371299645, 0.0027608681467178654, 0.002600698910512536], "strain": 0.2507938115790333, "timestep": 3110000}