{"hist": [0.18697836289829364, 0.9652114546038181, 0.1451737934216466, 0.22102407392806173, 0.07361036915016293, 0.024515367715947773, 0.028576291820753847, 0.0036224020539281747, 0.0036192394927090526], "bin_edges": [0.5080218046913021, 0.7626985859023445, 1.1450475699382818, 1.7190722018585747, 2.5808615404180753, 3.874675120456132, 5.817091329374361, 13.111339374215643, 19.68419447286613], "error": [0.09348918144914682, 0.1733570948238215, 0.054870536325363074, 0.05525601848201543, 0.026025195595862624, 0.012257683857973887, 0.010800823078589117, 0.0025614250565166898, 0.002089568895377296], "strain": 0.18085131432591645, "timestep": 1210000}