{"hist": [0.26894148088110725, 0.9315164899932561, 0.2863702226399605, 0.2543290713692765, 0.07411454976078048, 0.014104732110545293, 0.018789890512276503], "bin_edges": [0.5080218046913021, 0.7626985859023445, 1.1450475699382818, 1.7190722018585747, 2.5808615404180753, 3.874675120456132, 5.817091329374361], "error": [0.12027428664392316, 0.18268541383496428, 0.08266796256453712, 0.06358226784231913, 0.02801266674264954, 0.009973551722186221, 0.009394945256138251], "strain": 0.5505473712352483, "timestep": 5210000}