{"hist": [0.6199808875048683, 1.1012259719758333, 0.20629960117812943, 0.12214488296024464, 0.040679414530353196, 0.013547966369339559, 0.009024092153922268, 0.004003707533289036, 0.0026668080472593016], "bin_edges": [0.5080218046913021, 0.7626985859023445, 1.1450475699382818, 1.7190722018585747, 2.5808615404180753, 3.874675120456132, 5.817091329374361, 13.111339374215643, 19.68419447286613], "error": [0.17897306614667943, 0.19467108810071465, 0.06876653372604315, 0.04318473751421308, 0.020339707265176598, 0.009579858891047292, 0.006380996756090753, 0.002831048746676342, 0.001885718054339907], "strain": 0.750383077672725, "timestep": 10410000}