{"hist": [0.14278347712233333, 0.7608470351833029, 0.38009138641303847, 0.1265865150678899, 0.042158665967820586, 0.028081239383721996, 0.020764613168656205, 0.00829859379627182, 0.002454551064057125], "bin_edges": [0.5080218046913021, 0.7626985859023445, 1.1450475699382818, 1.7190722018585747, 2.5808615404180753, 3.874675120456132, 8.733261623828437, 13.111339374215643, 29.55209235202888], "error": [0.10096316491459616, 0.19021175879582572, 0.10972293213111292, 0.05167872837224409, 0.02434031714519673, 0.016212711117370215, 0.009286217314320515, 0.004791195362172894, 0.001735629702163449], "strain": 0.030974534497808893, "timestep": 9610000}