{"hist": [0.4188315328921777, 0.8020595829223984, 0.3484171042119519, 0.17018853692460753, 0.013716620073961848, 0.00913642979420873, 0.004057090300399556, 0.004053548231834138, 0.0027000061704628374, 0.001198955072379285], "bin_edges": [0.5080218046913021, 0.7626985859023445, 1.1450475699382818, 1.7190722018585747, 5.817091329374361, 8.733261623828437, 13.111339374215643, 19.68419447286613, 29.55209235202888, 44.36687330978616], "error": [0.1480793085414077, 0.1672409839719257, 0.0899609094764469, 0.05131377459986079, 0.007919294292073697, 0.005274920201118528, 0.002868796063298693, 0.0023403171628225716, 0.00155884928933037, 0.0008477892620174003], "strain": 0.3007527381884025, "timestep": 10510000}