{"hist": [0.2485155456243143, 0.860768402145667, 0.24256887002097915, 0.2056363219457283, 0.02935096997759661, 0.052133946535180074, 0.021703512775256086, 0.00867382575399563, 0.0038516680067084393], "bin_edges": [0.5080218046913021, 0.7626985859023445, 1.1450475699382818, 1.7190722018585747, 2.5808615404180753, 3.874675120456132, 5.817091329374361, 8.733261623828437, 13.111339374215643], "error": [0.11113953069628343, 0.16881057227787838, 0.0731372661527342, 0.05495861878551848, 0.016945790417542028, 0.01843213356252137, 0.009706105983201544, 0.005007835633973286, 0.0027235405664228097], "strain": 0.570530941878996, "timestep": 3510000}