{"hist": [0.42070131652116066, 0.8873718211680262, 0.09332601005677284, 0.18648906237680207, 0.08281166529393329, 0.036773051573921654, 0.01837047331334176, 0.0203938165049302], "bin_edges": [0.5080218046913021, 0.7626985859023445, 1.1450475699382818, 1.7190722018585747, 2.5808615404180753, 3.874675120456132, 5.817091329374361, 8.733261623828437], "error": [0.1717505932656604, 0.2035770575693196, 0.05388179702867152, 0.062163020792267355, 0.03380772078671388, 0.018386525786960827, 0.010606197712598702, 0.009120392005136221], "strain": 0.9202434281445803, "timestep": 7510000}