{"hist": [0.19881243649945146, 0.7614489711288592, 0.33077573184678977, 0.19094801323531915, 0.06848559661439209, 0.03258371658448755, 0.01736281022020487, 0.00867382575399563, 0.0057775020100626585], "bin_edges": [0.5080218046913021, 0.7626985859023445, 1.1450475699382818, 1.7190722018585747, 2.5808615404180753, 3.874675120456132, 5.817091329374361, 8.733261623828437, 13.111339374215643], "error": [0.09940621824972573, 0.15877308604929655, 0.0854059267181458, 0.05295945020522459, 0.02588512243308122, 0.014571881048500284, 0.008681405110102436, 0.005007835633973286, 0.00333564234075328], "strain": 0.27077738222278097, "timestep": 4310000}