{"hist": [0.21417521568349998, 1.0461646733770416, 0.09502284660325962, 0.16878202009051987, 0.05621155462376078, 0.03744165251162932, 0.024939309225385176, 0.008305845267462482, 0.002454551064057125], "bin_edges": [0.5080218046913021, 0.7626985859023445, 1.1450475699382818, 1.7190722018585747, 2.5808615404180753, 3.874675120456132, 5.817091329374361, 8.733261623828437, 29.55209235202888], "error": [0.12365411842861487, 0.22304305778991845, 0.05486146606555646, 0.05967345547418535, 0.02810577731188039, 0.01872082625581466, 0.012469654612692588, 0.005873119512108914, 0.001735629702163449], "strain": 0.8902680721789588, "timestep": 9010000}