{"hist": [0.8865802316754589, 0.29526873238301005, 0.17700656767967654, 0.05240060176791259, 0.06108066193634445, 0.011624254299967668, 0.005157318178474012, 0.0034352103659611344], "bin_edges": [0.7626985859023445, 1.1450475699382818, 1.7190722018585747, 2.5808615404180753, 3.874675120456132, 5.817091329374361, 13.111339374215643, 19.68419447286613], "error": [0.19824536655338382, 0.09337217161610284, 0.059002189226558845, 0.026200300883956296, 0.02308632019982519, 0.00821958904174402, 0.0036467746567356266, 0.0024290605445734395], "strain": 0.8203255749258419, "timestep": 6210000}