{"hist": [1.1282168046222996, 0.2049512377717364, 0.13651486919086164, 0.16670583601654548, 0.013447666739178282], "bin_edges": [0.7626985859023445, 1.1450475699382818, 1.7190722018585747, 2.5808615404180753, 5.817091329374361], "error": [0.24053663094991204, 0.08367099244876411, 0.055731961970067155, 0.0502637007663088, 0.009508936342409749], "strain": 0.0609498904634304, "timestep": 6810000}