{"hist": [0.6135227532600259, 0.6947187284144416, 0.3266410351987049, 0.18130881064411314, 0.04830680475479442, 0.03217642012718145, 0.010716109432782693, 0.0071378357767255705, 0.0047544026957807295], "bin_edges": [0.5080218046913021, 0.7626985859023445, 1.1450475699382818, 1.7190722018585747, 2.5808615404180753, 3.874675120456132, 5.817091329374361, 8.733261623828437, 13.111339374215643], "error": [0.19401292966391767, 0.16849404102044305, 0.09429314480017516, 0.05733488014915778, 0.02415340237739721, 0.016088210063590725, 0.007577433647857769, 0.005047212080718598, 0.003361870386678156], "strain": 0.5905145125227437, "timestep": 8010000}