{"hist": [0.37755246354463134, 0.7041492993883932, 0.4355213802649399, 0.06694479162244177, 0.05945452892897775, 0.01978358664513728, 0.013177542972416438, 0.0058515725486532055, 0.00259615977929119], "bin_edges": [0.5080218046913021, 0.7626985859023445, 1.1450475699382818, 1.7190722018585747, 2.5808615404180753, 5.817091329374361, 8.733261623828437, 13.111339374215643, 29.55209235202888], "error": [0.16884659471166136, 0.18819181624630552, 0.12079189754662241, 0.03865059346406016, 0.029727264464488874, 0.011422059075106294, 0.007608057982382492, 0.00413768662975773, 0.001835762184980571], "strain": 0.4206541620508885, "timestep": 9210000}