{"hist": [0.33933110303764397, 0.8072258282230258, 0.3226084298258814, 0.15758197863389586, 0.04771042444917968, 0.03177918037252489, 0.029634672999300286, 0.008459657216859935], "bin_edges": [0.5080218046913021, 0.7626985859023445, 1.1450475699382818, 1.7190722018585747, 2.5808615404180753, 3.874675120456132, 5.817091329374361, 8.733261623828437], "error": [0.12825510153526287, 0.16144516564460515, 0.08329713840411751, 0.04751275425913036, 0.021336750460746744, 0.014212081516438548, 0.011200853562981308, 0.004884185371406044], "strain": 0.7104159363852297, "timestep": 4610000}