{"hist": [0.5735403715869007, 0.8228261475999202, 0.31318391389838374, 0.15645524334233582, 0.04342184697060173, 0.02892262483342153, 0.011558949500529646, 0.012832064317708891], "bin_edges": [0.5080218046913021, 0.7626985859023445, 1.1450475699382818, 1.7190722018585747, 2.5808615404180753, 3.874675120456132, 5.817091329374361, 8.733261623828437], "error": [0.15907147833117233, 0.15549952562790822, 0.07829597847459593, 0.045164738429913, 0.019418840306971757, 0.012934591043050813, 0.006673562605680082, 0.005738673621209308], "strain": 0.38068702076339317, "timestep": 8110000}