{"hist": [0.19153881077386176, 0.9568579329668063, 0.29742923530288573, 0.14150931562467367, 0.05655430800561298, 0.03766995527084658, 0.020909481820063792, 0.013927484442391357, 0.0016463452258919742], "bin_edges": [0.5080218046913021, 0.7626985859023445, 1.1450475699382818, 1.7190722018585747, 2.5808615404180753, 3.874675120456132, 5.817091329374361, 8.733261623828437, 29.55209235202888], "error": [0.09576940538693088, 0.17469755807122866, 0.07949130680811194, 0.04474917475056217, 0.023088199561658262, 0.015378694841173303, 0.009351004544791732, 0.006228560393751565, 0.0011641418734023132], "strain": 0.11090881707279958, "timestep": 5810000}