{"hist": [0.1826300288774031, 1.18605878667746, 0.22282489222857388, 0.18889848178735508, 0.05392387507511935, 0.023945242885344335, 0.015949558225537033, 0.001569771029338859], "bin_edges": [0.5080218046913021, 0.7626985859023445, 1.1450475699382818, 1.7190722018585747, 2.5808615404180753, 3.874675120456132, 5.817091329374361, 29.55209235202888], "error": [0.09131501443870155, 0.18992140381496334, 0.06718423286123258, 0.050485242837859996, 0.02201432981460439, 0.011972621442672167, 0.007974779112768516, 0.0011099957397556939], "strain": 0.1408841730384211, "timestep": 5110000}