{"hist": [0.28556695424466666, 0.9986117336780851, 0.12669712880434614, 0.16878202009051987, 0.042158665967820586, 0.01872082625581466, 0.01870448191903888, 0.008305845267462482, 0.0055323958641812125, 0.00490910212811425], "bin_edges": [0.5080218046913021, 0.7626985859023445, 1.1450475699382818, 1.7190722018585747, 2.5808615404180753, 3.874675120456132, 5.817091329374361, 8.733261623828437, 13.111339374215643, 29.55209235202888], "error": [0.14278347712233333, 0.21791494568813843, 0.06334856440217307, 0.05967345547418535, 0.02434031714519673, 0.01323762319490171, 0.010799037671009587, 0.005873119512108914, 0.003911994631770945, 0.002454551064057125], "strain": 1.010169496041445, "timestep": 9910000}