{"hist": [0.2896632015391598, 1.029014432829877, 0.24274962178701567, 0.1807143555272472, 0.08235914253276426, 0.025319150264011634, 0.011243131208165448, 0.0056166576603742194], "bin_edges": [0.5080218046913021, 0.7626985859023445, 1.1450475699382818, 1.7190722018585747, 2.5808615404180753, 3.874675120456132, 5.817091329374361, 8.733261623828437], "error": [0.09655440051305327, 0.1485254399485849, 0.05887543124744728, 0.041458716494229025, 0.022842316261932977, 0.010336499811280417, 0.005621565604082724, 0.0032427788121630295], "strain": 0.8003420042820942, "timestep": 2410000}