{"hist": [0.25497049486130946, 1.0869243359761471, 0.4298652584433173, 0.10548876255657491, 0.04015111044554342, 0.040116056262459995, 0.003951711331558009], "bin_edges": [0.5080218046913021, 0.7626985859023445, 1.1450475699382818, 1.7190722018585747, 2.5808615404180753, 3.874675120456132, 13.111339374215643], "error": [0.11402627175332974, 0.19214289215135472, 0.09861785373123233, 0.03987100454809134, 0.02007555522277171, 0.01637731138930144, 0.002794281879836389], "strain": 0.7303995070289774, "timestep": 4110000}