{"hist": [0.5817104623502468, 0.8718038944808678, 0.38713011579105766, 0.12893070979136934, 0.028601262335272402, 0.008459657216859935], "bin_edges": [0.5080218046913021, 0.7626985859023445, 1.1450475699382818, 1.7190722018585747, 3.874675120456132, 8.733261623828437], "error": [0.20566570630751066, 0.20548614855075434, 0.11175483828168907, 0.05263574186061898, 0.016512946508432626, 0.005981880984555376], "strain": 0.630481653810239, "timestep": 7210000}