{"hist": [0.3141236496691333, 0.9066760502601026, 0.3251892972644884, 0.12377348139971457, 0.04122180672409124, 0.013728605920930751, 0.032005446839244306, 0.006085635450599334, 0.002702365487889426], "bin_edges": [0.5080218046913021, 0.7626985859023445, 1.1450475699382818, 1.7190722018585747, 2.5808615404180753, 3.874675120456132, 5.817091329374361, 13.111339374215643, 19.68419447286613], "error": [0.1282404429716931, 0.17781380279936523, 0.08691049544353573, 0.04376053401440259, 0.02061090336204562, 0.00970759034292792, 0.01209692184801981, 0.003513543265593455, 0.001910860961731106], "strain": 0.8602927162133372, "timestep": 8910000}