{"hist": [0.28384667138777103, 0.7562636193087047, 0.3987906614474148, 0.18174569934446042, 0.049621467184087054, 0.016526048281881745, 0.011007746740010519, 0.0024397646118640096], "bin_edges": [0.5080218046913021, 0.7626985859023445, 1.1450475699382818, 1.7190722018585747, 3.874675120456132, 5.817091329374361, 8.733261623828437, 29.55209235202888], "error": [0.11587991834791543, 0.1543716648613962, 0.0914888522566854, 0.05040718754473185, 0.017543837969146846, 0.008263024140940873, 0.005503873370005259, 0.0014085987554190089], "strain": 0.7204077217071035, "timestep": 4910000}