{"hist": [0.6199808875048683, 0.917688309979861, 0.27506613490417253, 0.12214488296024464, 0.040679414530353196, 0.01806395515911941, 0.008014412100183096, 0.0023684264653182786, 0.001577572463656954], "bin_edges": [0.5080218046913021, 0.7626985859023445, 1.1450475699382818, 1.7190722018585747, 2.5808615404180753, 3.874675120456132, 8.733261623828437, 29.55209235202888, 44.36687330978616], "error": [0.20666029583495613, 0.20520134432718676, 0.09168871163472418, 0.04986543965742851, 0.02348627092957579, 0.012773145188063056, 0.005667045143262987, 0.0016747304143682402, 0.0011155121868650004], "strain": 0.9002598575008326, "timestep": 10110000}