{"hist": [0.32383881409189, 0.754964197282401, 0.28735431275212525, 0.15551436129474447, 0.127490123888942, 0.04776705668365082, 0.007070422718537034, 0.0031369254899996568, 0.0020894578514608964], "bin_edges": [0.5080218046913021, 0.7626985859023445, 1.1450475699382818, 1.7190722018585747, 2.5808615404180753, 3.874675120456132, 5.817091329374361, 13.111339374215643, 19.68419447286613], "error": [0.11449431072789255, 0.1426748224833385, 0.07183857818803131, 0.043131923363017965, 0.0318725309722355, 0.015922352227883605, 0.004999543850132961, 0.0022181412860556907, 0.0014774698157714737], "strain": 0.6604570097758605, "timestep": 2510000}