{"hist": [0.14817153286279872, 1.2830321465944847, 0.23008676693242106, 0.10946947057757775, 0.07291593170535007, 0.019410311425417708], "bin_edges": [0.5080218046913021, 0.7626985859023445, 1.1450475699382818, 1.7190722018585747, 2.5808615404180753, 5.817091329374361], "error": [0.10477309566609035, 0.25162330584815834, 0.08696462361000941, 0.0489562355344754, 0.032608995987178986, 0.011206548526519382], "strain": 0.1708595290040426, "timestep": 6710000}