{"hist": [0.16360606753600693, 0.9807793812909763, 0.31454321908023436, 0.16116338723921167, 0.05367422750532714, 0.0286012623352724, 0.014288145910376924, 0.01586185728161238], "bin_edges": [0.5080218046913021, 0.7626985859023445, 1.1450475699382818, 1.7190722018585747, 2.5808615404180753, 3.874675120456132, 5.817091329374361, 8.733261623828437], "error": [0.0944580071329697, 0.18875107993465992, 0.08723859267256062, 0.05096433791036247, 0.024003844268340086, 0.0143006311676362, 0.008249264887576768, 0.007093638226217061], "strain": 0.330728094154024, "timestep": 7310000}