{"hist": [0.35695869280583326, 0.7132940954843464, 0.4072407711568269, 0.1356284090013106, 0.030113332834157562, 0.05348807501661332, 0.013360344227884915, 0.011865493239232118], "bin_edges": [0.5080218046913021, 0.7626985859023445, 1.1450475699382818, 1.7190722018585747, 2.5808615404180753, 3.874675120456132, 5.817091329374361, 8.733261623828437], "error": [0.1349177042124194, 0.15565353263438458, 0.0959875702868771, 0.045209469667103534, 0.017385940817997665, 0.018910890278431014, 0.007713598336435419, 0.005932746619616059], "strain": 0.4406377326946362, "timestep": 4410000}