{"hist": [0.36356903896890425, 0.7991535699407956, 0.2096954793868229, 0.193396064687054, 0.07156563667376951, 0.028601262335272402, 0.015875717678196583, 0.014804400129504888, 0.0042261357295828705, 0.001250002856695758], "bin_edges": [0.5080218046913021, 0.7626985859023445, 1.1450475699382818, 1.7190722018585747, 2.5808615404180753, 3.874675120456132, 5.817091329374361, 8.733261623828437, 13.111339374215643, 29.55209235202888], "error": [0.11497062498602528, 0.1391147802039215, 0.05815906178170708, 0.045583889598336036, 0.02263104140891882, 0.011676416453483433, 0.007099836784008538, 0.00559553729316605, 0.0024399606011065657, 0.0008838854964721266], "strain": 0.24080202625715946, "timestep": 3410000}