{"hist": [0.3099904437524342, 0.6710595766727734, 0.3209104907215346, 0.18321732444036695, 0.07627390224441224, 0.05080487388502335, 0.013536138230883402, 0.004508106806352992, 0.006005561299933553, 0.0013322398867415316], "bin_edges": [0.5080218046913021, 0.7626985859023445, 1.1450475699382818, 1.7190722018585747, 2.5808615404180753, 3.874675120456132, 5.817091329374361, 8.733261623828437, 13.111339374215643, 29.55209235202888], "error": [0.08948653307333972, 0.10745553110583451, 0.06064638225434866, 0.037399079743071384, 0.01969383687619074, 0.013117762030857568, 0.005526105292240688, 0.002602756678183484, 0.002451760133973808, 0.0007691690572353798], "strain": 0.5005884446258791, "timestep": 1810000}