{"hist": [0.4228587591699871, 0.6437936451551025, 0.2948144727947285, 0.19637138875916255, 0.0475636231431822, 0.047522097418606454, 0.021102492421479765, 0.01054203437793315, 0.003118114024487799], "bin_edges": [0.5080218046913021, 0.7626985859023445, 1.1450475699382818, 1.7190722018585747, 2.5808615404180753, 3.874675120456132, 5.817091329374361, 8.733261623828437, 19.68419447286613], "error": [0.1598255880670199, 0.16094841128877563, 0.0888899080933231, 0.05920820146137784, 0.0237818115715911, 0.019400815030403244, 0.010551246210739882, 0.0060864463859059935, 0.002204839571228199], "strain": 0.3607034501196455, "timestep": 910000}