{"hist": [0.21574426488264647, 0.977186782824709, 0.28715695402083946, 0.1402652776851161, 0.05945452892897775, 0.06788871059800922, 0.015073208872485547], "bin_edges": [0.5080218046913021, 0.7626985859023445, 1.1450475699382818, 1.7190722018585747, 2.5808615404180753, 3.874675120456132, 5.817091329374361], "error": [0.09648376840666363, 0.16758615067439764, 0.07414360671135735, 0.04229157247241274, 0.02247169969465293, 0.019597782669348612, 0.007536604436242773], "strain": 0.8702845015352111, "timestep": 5610000}