{"hist": [0.540350314797821, 0.9357895014152435, 0.2077716676493291, 0.12774785924282467, 0.04963634983978876, 0.04723144238852323, 0.02202209644902131, 0.0027915758947703365, 0.0012385349405792832], "bin_edges": [0.5080218046913021, 0.7626985859023445, 1.1450475699382818, 1.7190722018585747, 2.5808615404180753, 3.874675120456132, 5.817091329374361, 13.111339374215643, 29.55209235202888], "error": [0.1395178513553264, 0.14984624521180592, 0.05762549240756298, 0.03687763046112162, 0.0187607768092974, 0.014935893512275684, 0.008323570078912714, 0.001973942245389009, 0.0008757764552200888], "strain": 1.0201612813633187, "timestep": 1510000}