{"hist": [0.5235394161152221, 1.1042849330090994, 0.19356505789552883, 0.0773584258748216, 0.051527258405114046, 0.010151588660231923, 0.006761817167332593, 0.0030000068560698196, 0.001998258453965475], "bin_edges": [0.5080218046913021, 0.7626985859023445, 1.1450475699382818, 1.7190722018585747, 2.5808615404180753, 8.733261623828437, 13.111339374215643, 29.55209235202888, 44.36687330978616], "error": [0.21373407161948849, 0.2533403383084866, 0.08656492550461696, 0.04466290800291396, 0.029749276510796004, 0.007178257181466451, 0.004781326772164488, 0.0021213251915331043, 0.001412982103362334], "strain": 0.6804405804196082, "timestep": 9710000}