{"hist": [0.35058443043430054, 0.9340756012295014, 0.24886936015139421, 0.10360503465377893, 0.041405832646966644, 0.036773051573921654, 0.02449396441778901, 0.01223628990295812, 0.005433603080892262, 0.002410719795056105], "bin_edges": [0.5080218046913021, 0.7626985859023445, 1.1450475699382818, 1.7190722018585747, 2.5808615404180753, 3.874675120456132, 5.817091329374361, 8.733261623828437, 13.111339374215643, 29.55209235202888], "error": [0.15678612366082842, 0.2088656540473151, 0.08798860609630399, 0.046333580059414216, 0.023905668624746787, 0.018386525786960827, 0.012246982208894506, 0.007064625269355171, 0.003842137584775035, 0.0017046363146248158], "strain": 0.9801941400758233, "timestep": 4810000}