{"hist": [0.3725919202279866, 0.68726146426229, 0.3178988177116349, 0.16939801286457287, 0.07334171816786306, 0.03382047079061408, 0.022527295741908142, 0.011670621999901664, 0.0033315522539777375], "bin_edges": [0.5080218046913021, 0.7626985859023445, 1.1450475699382818, 1.7190722018585747, 2.5808615404180753, 3.874675120456132, 5.817091329374361, 8.733261623828437, 13.111339374215643], "error": [0.10333840563119955, 0.11454357737704833, 0.06357976354232699, 0.03787854720185688, 0.020341332729604547, 0.011273490263538027, 0.0075090985806360476, 0.004411080493882726, 0.0019234725906533514], "strain": 0.390678806085267, "timestep": 2110000}