{"hist": [0.3569586928058333, 0.9510587939791286, 0.4223237626811538, 0.12307022298267073, 0.02342148109323366, 0.015600688546512219, 0.01039137884391049, 0.010382306584328102, 0.0069154948302265155], "bin_edges": [0.5080218046913021, 0.7626985859023445, 1.1450475699382818, 1.7190722018585747, 2.5808615404180753, 3.874675120456132, 5.817091329374361, 8.733261623828437, 13.111339374215643], "error": [0.1457277761041967, 0.1941340633863013, 0.10558094067028845, 0.046516171972773225, 0.016561488106458033, 0.011031352662418092, 0.007347814446407534, 0.005994227501271055, 0.003992662801810745], "strain": 0.10091703175092574, "timestep": 7910000}