{"hist": [1.2044659068485675, 0.2521439569954915, 0.1526811037003058, 0.0508492681629415, 0.0338699159233489, 0.027072276461766805, 0.006010809075137322], "bin_edges": [0.7626985859023445, 1.1450475699382818, 1.7190722018585747, 2.5808615404180753, 3.874675120456132, 5.817091329374361, 8.733261623828437], "error": [0.20359189716970158, 0.07602426350086845, 0.04828200433613287, 0.022740484043690605, 0.015147086879362138, 0.011052210584481376, 0.0042502838574472405], "strain": 1.0301530666851926, "timestep": 7410000}