{"hist": [0.33849531214346257, 0.9018660977388289, 0.3604314871158123, 0.20006489450384898, 0.03997804531431262, 0.03550501531275194, 0.011824672477553316], "bin_edges": [0.5080218046913021, 0.7626985859023445, 1.1450475699382818, 1.7190722018585747, 2.5808615404180753, 3.874675120456132, 5.817091329374361], "error": [0.15137970560355846, 0.20166339011464907, 0.10404760805536568, 0.06326607464734652, 0.02308133522389345, 0.01775250765637597, 0.008361306094187882], "strain": 0.020982749175935057, "timestep": 7010000}