{"hist": [0.4177176192408687, 0.63994115658702, 0.3335908444582518, 0.14813315593050946, 0.09866921822255882, 0.03833786227919492, 0.014592149014853029, 0.00485980308202592, 0.006474080266595036], "bin_edges": [0.5080218046913021, 0.7626985859023445, 1.1450475699382818, 1.7190722018585747, 2.5808615404180753, 3.874675120456132, 5.817091329374361, 8.733261623828437, 13.111339374215643], "error": [0.13209390955841202, 0.1334369552967492, 0.0786281160860589, 0.04276235872619422, 0.028483349850762132, 0.014490349912656237, 0.0072960745074265145, 0.0034363997145318115, 0.003237040133297518], "strain": 0.5305638005915007, "timestep": 2610000}