{"hist": [0.4042032256771936, 1.0384722860727984, 0.3586646661005387, 0.10238615189314625, 0.0227326140022562, 0.022712767148598673, 0.015128625081575567, 0.006717963083977007, 0.0029805501704662785], "bin_edges": [0.5080218046913021, 0.7626985859023445, 1.1450475699382818, 1.7190722018585747, 2.5808615404180753, 3.874675120456132, 5.817091329374361, 8.733261623828437, 19.68419447286613], "error": [0.1527744591817102, 0.19985408463669874, 0.09585716409213499, 0.04179897147755037, 0.01607438551509162, 0.013113222227284733, 0.008734515763316578, 0.004750317252441033, 0.0021075672372034256], "strain": 0.8303173602477157, "timestep": 6110000}