{"hist": [0.30882943085448494, 1.0285326844999003, 0.27403592466108573, 0.15645524334233582, 0.08684369394120346, 0.023138099866737222, 0.015411932667372862], "bin_edges": [0.5080218046913021, 0.7626985859023445, 1.1450475699382818, 1.7190722018585747, 2.5808615404180753, 3.874675120456132, 5.817091329374361], "error": [0.11672655308265498, 0.17385375488648674, 0.07323918155354134, 0.045164738429913, 0.027462387327676772, 0.011569049933368611, 0.007705966333686431], "strain": 0.8403091455695896, "timestep": 1110000}