{"hist": [0.2151531847048858, 0.8598613753783902, 0.23864185219996703, 0.1748512365663776, 0.08470234258374913, 0.056418928442181174, 0.023487363140345628], "bin_edges": [0.5080218046913021, 0.7626985859023445, 1.1450475699382818, 1.7190722018585747, 2.5808615404180753, 3.874675120456132, 5.817091329374361], "error": [0.1075765923524429, 0.17551846826706693, 0.075465179799316, 0.05271963143821314, 0.02994680041167754, 0.019947103444372442, 0.010503868118807151], "strain": 0.15087595836029494, "timestep": 5510000}