{"hist": [0.4153077098990945, 0.8298902457077493, 0.23451151245035223, 0.15620451378569747, 0.08918179339346663, 0.03465152936773387, 0.006594528881712427, 0.010981285810347031, 0.004388679411489904, 0.0019471198344683924], "bin_edges": [0.5080218046913021, 0.7626985859023445, 1.1450475699382818, 1.7190722018585747, 2.5808615404180753, 3.874675120456132, 5.817091329374361, 8.733261623828437, 13.111339374215643, 29.55209235202888], "error": [0.12521998602518777, 0.14446534867330313, 0.06267583806024211, 0.04174741234669192, 0.025744566211265776, 0.013097047036439293, 0.004663036090989396, 0.004910980310457965, 0.0025338052396106647, 0.001124170160574786], "strain": 0.9502187841102018, "timestep": 2910000}