{"hist": [0.27651729724395535, 0.6998989012029503, 0.318973405264463, 0.22880661174243008, 0.05443020254061343, 0.029004097016050886, 0.019319183202763164, 0.012868210977758775], "bin_edges": [0.5080218046913021, 0.7626985859023445, 1.1450475699382818, 1.7190722018585747, 2.5808615404180753, 3.874675120456132, 5.817091329374361, 8.733261623828437], "error": [0.12366229471839987, 0.16056782005467463, 0.08846730524541359, 0.06115113921205577, 0.024341926581978677, 0.014502048508025443, 0.009659591601381582, 0.006434105488879387], "strain": 0.26078559690090714, "timestep": 3710000}